id,code,name,phase,description,recommend,status,duration,cost,est_duration_min,est_duration_max,est_cost_min,est_cost_max,category,predecessor,ptype,task_landing _page,task_tips,manual_ind,task_type,created_date,updated_date
1,gl001,בחירת איזור של הנכס,01_goals,"בחירת איזור או מספר איזורים מועדפים למיקום הנכס. ישנם מגוון שיקולים לבחירה של מקום המגורים. להלן מספר שאלות מרכזיות אותן עליך לשאול בתהליך בחירת האיזור: 
1. סוג הישוב - האם נכון עבורכם לגור בעיר או בישוב כפרי? קיבוץ, כפר או ישוב קהילתי?
2. מה איזור המגורים הנכון - לעיתים קרובות מושפע משיקולי מיקום משפחה, מקום עבודה, תרבות, נגישות ועוד. 
3. רמת מחיר - מהי רמת המחירים אותה תוכל להשקיע בנכס? אל תשכח לקחת בחשבון גם את רמת המחיר לאחר הרכישה (לדוגמא, עלויות אחזקה של הנכס, מיסי ועד בית או מיסי ישוב, ארנונה ועוד)
4. נגישות - עד כמה חשובה לך הנגישות של מקום המגורים לאיזורים נוספים ואיזה. באיזה תחבורה תשתמש - ציבורית או פרטית. מה הנגישות הנדרשת לבני המשפחה האחרים ובכלל זה לילדים.    
5. מהו החתך הסוציו אקונומי בישוב.  
6. חינוך ותרבות - מהם צרכי החינוך והתרבות של המשפחה, והאם מקום המגורים נותן להם מענה . 
7. בילויים - מה הבילויים המתאימים למשפחתך ומה הנגישות אליהם ממקום הנכס. ",מדלן,,,,0,0,0,0,customer,,"ApBuyChoose, HouBuyChoose, HouBldChoose",,"{:|בתי ספר באיזור| => |https://www.madlan.co.il/article/buyingApartment_schools| , :|אפשרויות לקניית דירה| => |https://www.madlan.co.il/article/buyingApartment_opinions| , :|מידע תיכנון| => |https://www.madlan.co.il/article/urbanPlanningIntro|  }",,,2017-06-21 00:00:00.000000,2017-06-21 00:00:00.000000
2,gl002,הגדרת תקציב,01_goals,"הגדר מהו התקציב הזמין עבורך עבור הפרויקט, מתחילתו ועד השלמתו","יש לקחת בחשבון את הנושאים הבאים
1. עלות הנכס או הקרקע
2. עלות הבניה או השיפוץ
3. מיסים - מס רכישה, מס מכירה, דמי פיתוח, מס השבחה
4. תשלום לנותני שירותים בתהליך - עורך הדין, המתווך
5. עלות היועצים השונים - אדריכל, מעצב פנים, ועוד
6. תכולה - רכישת רהיטים, כלים ועוד. ",,,,0,0,0,0,customer,,"ApBuyChoose, ApBuyPlanExe, ApBuyExe, ApRemPlanExe, ApRemExe, HouBuyChoose, HouBuyPlanExe, HouBuyExe, HouBldChoose, HouBldPlanExe, HouBldExe, HouIntRemPlanExe, HouIntRemExe, HouExtRemPlanExe, HouExtRemExe",,#REF!,,,2017-06-21 00:00:00.000001,2017-06-21 00:00:00.000001
3,gl003,הגדרת סוג הנכס,01_goals,ישנם סוגים שונים של מקומות מגורים. לכל סוג ישנם יתרונות וחסרונות. מהו סוג הנכס הנכון עבורך? בית פרטי או דירה? קנייה של נכס מוכן או קניית מגרש ובנייה עצמית?,0,,,,0,0,0,0,customer,,"ApBuyChoose, HouBuyChoose, HouBldChoose",,#REF!,,,2017-06-21 00:00:00.000002,2017-06-21 00:00:00.000002
4,PU001,בדיקת התאמת המגרש לצרכים,03_purchase,"בחן את התאמת השטח לרצונות ולצרכים - גודל השטח, איכות השטח מבחינת הצורה שלו , כיווני אויר ואיכות השטח.",0,,,,180,360,5000,30000,customer,,HouBldChoose,,"{:|מה חשוב לבדוק ברכישת מגרש או בית| => |http://www.rk-law.co.il/%D7%9E%D7%94-%D7%97%D7%A9%D7%95%D7%91-%D7%9C%D7%91%D7%93%D7%95%D7%A7-%D7%9C%D7%A4%D7%A0%D7%99-%D7%A8%D7%9B%D7%99%D7%A9%D7%AA-%D7%9E%D7%92%D7%A8%D7%A9-%D7%90%D7%95-%D7%91%D7%99%D7%AA-%D7%A6%D7%9E%D7%95/| , :|בדיקות לפני רכישת נכס  - נקודת מבט משפטית| => |http://www.menikoren.co.il/bdikot1| }",,,2017-06-21 00:00:00.000003,2017-06-21 00:00:00.000003
5,PU002,בדיקת תכנונית של המגרש ,03_purchase,"שלוף את תיק מידע של הנכס במחלקת הנדסה של העירייה או הרשות המקומית. בתיק המידע ניתן יהיה לבדוק מה נין לעשות על המבנה  מה זכויות הבניה, מה התב""ע של השטח - כלומר מה ניתן יהיה לבנות בו בעתיד. 
יש לבדוק בתיק המידע האם ישנן תשתיות ציבוריות העוברות במגרש (לדוגמה קווי טלפון, כבלים, חשמל ועוד)
ניתן ללמוד מתיק המידע על ההיסטוריה של הנכס - מי היו הבעלים הקודמים, האם נעשו בו שינויים משמעותיים במהלך השנים, ועוד
כמו כן מומלץ לבדוק את הסביבה הקרובה - מה מתוכנן במגרשים הסמוכים? האם יש שינויים משמעותיים הצפויים באיזור. 
ניתן לעשות את הבדיקה הנ""ל באופן עצמאי על ידיד פניה למחלקת ההנדסה של הרשות המקומית , או לבקש מאיש מקצוע (אדריכל ,מנהל פרויקט וכדומה) לסייע בבדיקה. ","תכנון הוא השלב המהותי ביותר בפרויקט כך שבחירת איש המקצוע הנכון איתו יש חיבור, חשוב ביותר. תכנון נכון יחסוך מהותית בעלויות ובמשך הפרויקט.
- בעל נסיון והבנה של חיי משפחה
- זמין
- ביצוע תכנון עד היתר
- מכיר את ועדת התכנון המקומית
- תכנון למול תקציב
- ממליצים
- מספק תוכניות",,,,180,360,5000,30000,customer,,"HouBuyChoose, HouBldChoose, HouExtRemPlanExe, ",,"{:|מדריך עורך דין לבדיקת בית| => |http://www.rk-law.co.il/%D7%9E%D7%94-%D7%97%D7%A9%D7%95%D7%91-%D7%9C%D7%91%D7%93%D7%95%D7%A7-%D7%9C%D7%A4%D7%A0%D7%99-%D7%A8%D7%9B%D7%99%D7%A9%D7%AA-%D7%9E%D7%92%D7%A8%D7%A9-%D7%90%D7%95-%D7%91%D7%99%D7%AA-%D7%A6%D7%9E%D7%95/| , :|מדריך לרכישת דירה| => |http://www.menikoren.co.il/bdikot1| }",,,2017-06-21 00:00:00.000004,2017-06-21 00:00:00.000004
6,PU003,בדיקה משפטית של השטח,03_purchase,"לאחר בחירת המגרש אותו תרצה לרכוש ובטרם תבצע את הרכישה, יש לוודא שהנכס אכן שייך לבעליו, לבדוק שעבודים, רישום בטאבו וכו׳",0,,,,30,60,10000,25000,legal,,HouBldChoose,,"{:|הפקת נסח טאבו| => |http://www.justice.gov.il/Units/LandRegistration/OnlineServices/Pages/ProductionInformation.aspx| , :|בקשה לרישום זכות בנכס| => |http://www.land.gov.il/ishurZchuyot/agrotRashi.aspx?op=agrIshurZchuiot| , :|מה חשוב לבדוק לפני רכישת בית פרטי| => |http://www.rk-law.co.il/%D7%9E%D7%94-%D7%97%D7%A9%D7%95%D7%91-%D7%9C%D7%91%D7%93%D7%95%D7%A7-%D7%9C%D7%A4%D7%A0%D7%99-%D7%A8%D7%9B%D7%99%D7%A9%D7%AA-%D7%9E%D7%92%D7%A8%D7%A9-%D7%90%D7%95-%D7%91%D7%99%D7%AA-%D7%A6%D7%9E%D7%95/|  }",,,2017-06-21 00:00:00.000005,2017-06-21 00:00:00.000005
7,PU004,בדיקת משפטית של החברה המשכנת,03_purchase,"לאחר בחירת הדירה אותה תרצה לרכוש, יש לוודא את מצבה המשפטי של החברה המשכנת, על מנת להבטיח שאין סיכון מיותר בקניית הנכס",0,,,,0,0,0,0,legal,,ApBuyChoose,,"{:|מה חשוב לבדוק בקניית דירה מקבלן| => |http://www.ask-tal.co.il/%D7%91%D7%93%D7%99%D7%A7%D7%AA-%D7%93%D7%99%D7%A8%D7%94-%D7%9E%D7%A7%D7%91%D7%9C%D7%9F| , :|מדריך רכישת דירת מקבלן ודירה יד שניה
| => |http://www.diogines.co.il/assets/| , :|טיפים וצעדים ראשונים לקניית דירה מקבלן| => |https://www.madlan.co.il/article/buyingTips|  }",,,2017-06-21 00:00:00.000006,2017-06-21 00:00:00.000006
8,PU005,בדיקה משפטית של הנכס,03_purchase,"לאחר בחירת הדירה אותה תרצה לרכוש, יש לוודא שהנכס אכן שייך לבעליו, לבדוק שעבודים, רישום בטאבו וכו׳",0,,,,0,0,0,0,legal,,ApBuyChoose,,"{:|מה חשוב לבדוק בקניית דירה מקבלן| => |http://www.ask-tal.co.il/%D7%91%D7%93%D7%99%D7%A7%D7%AA-%D7%93%D7%99%D7%A8%D7%94-%D7%9E%D7%A7%D7%91%D7%9C%D7%9F| , :|| => |http://www.diogines.co.il/assets/| , :|| => |https://www.madlan.co.il/article/buyingTips|  }",,,2017-06-21 00:00:00.000007,2017-06-21 00:00:00.000007
9,PU006,רכישת דירה,03_purchase,הגיע הרגע הגדול - רכישת הדירה! החתימה על הסכם הרכישה מול החברה המשכנת או מול המוכר הינו שלב משמעותי - כל מה שתצליח להכניס לחוזה בשלב זה יהיה כלול. בהמשך כל שינוי עלול לעלות בתוספת עלות.,יש להבטיח את הסדרי התשלומים בהתאם להתקדמות הבנייה ולהטיח ערבויות להשלמת הבנייה,,,,0,0,0,0,legal,,ApBuyChoose,,"{:|מדריך לרכישת דירה| => |https://www.amitvered.co.il/%D7%A7%D7%A0%D7%99%D7%99%D7%AA-%D7%93%D7%99%D7%A8%D7%94| , :|מדריך לרוכש דירה מקבלן| => |http://www.moch.gov.il/beniyya_hadasha/hagana_al_rochshey_dirot/Pages/hamadrich_lerochesh_dira.aspx| , :|מה חשוב לשאול לפני רכישת דירה| => |http://haotzarsheli.mof.gov.il/News/Pages/Blog-Buying-Apartment.aspx|  }",,,2017-06-21 00:00:00.000008,2017-06-21 00:00:00.000008
10,PU007,בדיקה משפטית של הבית,03_purchase,"לאחר בחירת הבית אותו תרצה לרכוש, יש לוודא שהנכס אכן שייך לבעליו, לבדוק שעבודים, רישום בטאבו וכו׳",0,,,,0,0,0,0,legal,,HouBuyChoose,,{:|בדיקת מגרש או בית בטרם קניה| => |http://www.rk-law.co.il/%D7%9E%D7%94-%D7%97%D7%A9%D7%95%D7%91-%D7%9C%D7%91%D7%93%D7%95%D7%A7-%D7%9C%D7%A4%D7%A0%D7%99-%D7%A8%D7%9B%D7%99%D7%A9%D7%AA-%D7%9E%D7%92%D7%A8%D7%A9-%D7%90%D7%95-%D7%91%D7%99%D7%AA-%D7%A6%D7%9E%D7%95/| },,,2017-06-21 00:00:00.000009,2017-06-21 00:00:00.000009
11,PU008,רכישת הבית,03_purchase,הגיע הרגע הגדול - רכישת הבית! החתימה על הסכם הרכישה מול החברה המשכנת או למול אדם פרטי הינו שלב משמעותי - כל מה שתצליח להכניס לחוזה בשלב זה יהיה כלול. בהמשך כל שינוי יגרור גם עלות נוספת.,יש להבטיח את הסדרי התשלומים בהתאם להתקדמות הבנייה ולהטיח ערבויות להשלמת הבנייה,,,,0,0,0,0,legal,,HouBuyChoose,,,,,2017-06-21 00:00:00.000010,2017-06-21 00:00:00.000010
12,PL001,הגדרת דרישות (פרוגרמה),04_design,"תוכנית ראשונית של הבית. התוכנית מגדירה תיאור כללי של הבית, את הצרכים ואת מסגרת התקציב
- מה חשוב לך בבית? מה הצרכים של משפחתך? לדוגמא, כמה חדרים? סלון גדול או קטן? מטבח פתוח או סגור? בית בקומה אחת או יותר? מרתף. בריכת שחיה?",https://drive.google.com/file/d/0B0cXXlNnXdepYWtaeTBfeUkzelk/edit?usp=sharing,,,,14,60,0,0,customer,,"ApBuyChoose, ApBuyPlanExe, ApRemPlanExe, HouBuyChoose, HouBuyPlanExe, HouBldChoose, HouBldPlanExe, HouIntRemPlanExe, HouExtRemPlanExe,",,"{:|עצות לבניית פרוגרמה| => |http://architecture.org.il/menu_arc.php| , :|פרוגרמה לתכנון בית פרטי| => |http://www.efratmeiri.co.il/2011/06/%D7%A4%D7%A8%D7%95%D7%92%D7%A8%D7%90%D7%9E%D7%94-%D7%9C%D7%AA%D7%9B%D7%A0%D7%95%D7%9F-%D7%91%D7%99%D7%AA-%D7%A4%D7%A8%D7%98%D7%99/| }",,,2017-06-21 00:00:00.000011,2017-06-21 00:00:00.000011
13,PL002,בחירת אדריכל,04_design,"בחרו את האדריכל איתו תעבדו. 
הבחירה של האדריכל הינה החלטה קריטית במהל הפרויקט. בחירה של אדריכל שתתחבר אליו ברמה האישית ומתאים לטעמך המקצועי הינה קריטית. נקודות נוספות אותן יש לשקול בעת בחירת האדריכל:
* המלצות
* התרשמות מבתים שהוא בנה
* מידת הרגישות וההקשבה של האדריכל לצרכי הלקוח
* ניסיון  - הניסיון בתחום והיכרות עם האיזור הינם שיקולים מכריעים בבחירה של האדריכל
* מחיר","תכנון הוא השלב המהותי ביותר בפרויקט כך שבחירת איש המקצוע הנכון איתו יש חיבור, חשוב ביותר. תכנון נכון יחסוך מהותית בעלויות ובמשך הפרויקט.
- בעל נסיון והבנה של חיי משפחה
- זמין
- ביצוע תכנון עד היתר
- מכיר את ועדת התכנון המקומית
- תכנון למול תקציב
- ממליצים
- מספק תוכניות",,,,0,0,0,0,customer,,"HouBuyChoose, HouBuyPlanExe, HouBldChoose, HouBldPlanExe, HouBldExe, HouIntRemPlanExe, HouIntRemExe, HouExtRemPlanExe, HouExtRemExe",,{:|איך בוחרים אדריכל| => |http://www.bvd.co.il/%D7%90%D7%99%D7%9A_%D7%91%D7%95%D7%97%D7%A8%D7%99%D7%9D_%D7%90%D7%93%D7%A8%D7%99%D7%9B%D7%9C.html| },,,2017-06-21 00:00:00.000012,2017-06-21 00:00:00.000012
14,PL003,בחירת אדריכל או מעצב פנים,04_design,"החלטה האם ברצונך לעבוד עם אדריכל או מעצב פנים, או שתוכל להסתדר ללא שירותיהם. בפרויקט מסוג זה אין הכרח לקחת אדריכל מכיוון שאין שינוי של קווי בניין ואין הכרח ביצירה של תוכניות לרשויות. אם זאת, איש מקצוע אשר יוכל לסייע לך בקבלת החלטות עיצוביות ופונקציונליות עשוי לסייע בתהליך.",0,,,,0,0,0,0,customer,,"ApBuyChoose, ApBuyPlanExe, ApBuyExe, ApRemPlanExe, ApRemExe, HouIntRemPlanExe, HouIntRemExe",,{:|אדריכל או מעצב פנים?| => |https://www.shiplus.co.il/%D7%9E%D7%90%D7%9E%D7%A8%D7%99%D7%9D/%D7%90%D7%93%D7%A8%D7%99%D7%9B%D7%9C%D7%95%D7%AA/%D7%90%D7%93%D7%A8%D7%99%D7%9B%D7%9C-%D7%90%D7%95-%D7%9E%D7%A2%D7%A6%D7%91-%D7%A4%D7%A0%D7%99%D7%9D.html| },,,2017-06-21 00:00:00.000013,2017-06-21 00:00:00.000013
15,PL004,תיק מידע,04_design,"אם טרם שלפת את הנתונים של הנכס, זה הזמן לפנות לרשות ולהוציא מוועדת התכנון את תיק המידע על הנכס. 
תכנית בניין עיר - כל ההגדרות  התכנוניות של המועצה המקומית, יש להוציא בוועדת התכנון
בתיק המידע ניתן יהיה לבדוק מה נין לעשות על המבנה  מה זכויות הבניה, מה התב""ע של השטח - כלומר מה נין יהיה לבנות בו בעתיד. 
יש לבדוק בתיק המידע האם ישנן תשתיות ציבוריות העוברות במגרש (לדוגמה קווי טלפון, כבלים, חשמל ועוד)
ניתן ללמוד מתיק המידע על ההיסטוריה של הנכס - מי היו הבעלים הקודמים, האם נעשו בו שינויים משמעותיים במהלך השנים, ועוד
כמו כן מומלץ לבדוק את הסביבה הקרובה - מה מתוכנן במגרשים הסמוכים? האם יש שינויים משמעותיים הצפויים באיזור. 
ניתן לעשות את הבדיקה הנ""ל באופן עצמאי, או לבקש מאיש מקצוע (אדריכל ,מנהל פרויקט וכדומה) לסייע בבדיקה. ",0,,,,7,21,170,170,customer,,"HouBuyChoose, HouBldChoose, HouBuyPlanExe, HouBldPlanExe, HouExtRemPlanExe",,,,,2017-06-21 00:00:00.000014,2017-06-21 00:00:00.000014
16,PL005,תכנית טופוגרפית,04_design,"תכנית של המגרש הכוללת גבהים, גבולות וכו׳. התוכנית נדרשת כדי שהאדריכל יוכל להציע על פיה את התיכנון",0,,,,7,14,1500,3000,measures,,"HouBuyChoose, HouBldChoose, HouBldPlanExe, HouExtRemPlanExe",,"{:|בחירת מודד מוסמך| => |http://www.adira.co.il/articles/view/58| , :|מיהו מודד?| => |https://medidot.wordpress.com/%D7%9E%D7%99%D7%94%D7%9F-%D7%94%D7%9E%D7%95%D7%93%D7%93-%D7%A9%D7%90%D7%9C%D7%95%D7%AA-%D7%A0%D7%A4%D7%95%D7%A6%D7%95%D7%AA/| }",,,2017-06-21 00:00:00.000015,2017-06-21 00:00:00.000015
17,PL006,הגדרת דרישות (פרוגרמה),04_design,"תוכנית ראשונית של הבית. התוכנית מגדירה תיאור כללי של הבית, את הצרכים ואת מסגרת התקציב
- מה חשוב לך בבית? מה הצרכים של משפחתך? לדוגמא, כמה חדרים? סלון גדול או קטן? מטבח פתוח או סגור? בית בקומה אחת או יותר? מרתף. בריכת שחיה?",https://drive.google.com/file/d/0B0cXXlNnXdepYWtaeTBfeUkzelk/edit?usp=sharing,,,,2,10,0,0,customer,,"ApBuyChoose, ApBuyPlanExe, ApRemPlanExe, HouBuyChoose, HouBuyPlanExe, HouBldChoose, HouBldPlanExe, HouIntRemPlanExe, HouExtRemPlanExe,",,"{:|עצות לבניית פרוגרמה| => |http://architecture.org.il/menu_arc.php| , :|פרוגרמה לתכנון בית פרטי| => |http://www.efratmeiri.co.il/2011/06/%D7%A4%D7%A8%D7%95%D7%92%D7%A8%D7%90%D7%9E%D7%94-%D7%9C%D7%AA%D7%9B%D7%A0%D7%95%D7%9F-%D7%91%D7%99%D7%AA-%D7%A4%D7%A8%D7%98%D7%99/| }",,,2017-06-21 00:00:00.000016,2017-06-21 00:00:00.000016
18,PL007,תכנון,04_design,"תכנון  אדריכלי סופי של הנכס, העונה על מרבית הדרישות ועומד במרבית התנאים שהצבת.",0,,,,30,60,0,0,architecture,,"ApBuyChoose, ApBuyPlanExe, ApRemPlanExe, HouBuyChoose, HouBuyPlanExe, HouBldChoose, HouBldPlanExe, HouIntRemPlanExe, HouExtRemPlanExe",,"{:|תהליך עבודת המתכננת| => |http://www.efratmeiri.co.il/2013/05/%D7%AA%D7%94%D7%9C%D7%99%D7%9A-%D7%A2%D7%91%D7%95%D7%93%D7%AA-%D7%94%D7%9E%D7%AA%D7%9B%D7%A0%D7%A0%D7%AA-%D7%91%D7%A4%D7%A8%D7%95%D7%99%D7%A7%D7%98-%D7%A9%D7%99%D7%A4%D7%95%D7%A5-%D7%90%D7%95-%D7%A2/| , :|תהליך תכנון ובנייה של בית| => |http://levarch.co.il/planning-and-building-a-new-house-process/articles/| }",,,2017-06-21 00:00:00.000017,2017-06-21 00:00:00.000017
19,PL008,תכנון הנדסי,04_design,תכנון השלד (הקונסטרוקציה) של של המבנה. מבוצע על פי התוכניות האדריכליות של הבית. ,0,,,,30,60,5000,20000,contruction,,"ApBuyChoose, ApBuyPlanExe, ApRemPlanExe, HouBuyChoose, HouBuyPlanExe, HouBldChoose, HouBldPlanExe, HouIntRemPlanExe, HouExtRemPlanExe",,"{:|תפקידו, אחריותו וסמכויותיו של קונסטרוקטור| => |http://www.citytabu.org.il/?p=273| , :|מה עושה המהנדס בפועל?| => |http://www.bzt.co.il/%D7%9E%D7%94%D7%A0%D7%93%D7%A1-%D7%91%D7%A0%D7%99%D7%99%D7%9F/%D7%AA%D7%94%D7%9C%D7%99%D7%9A-%D7%AA%D7%9B%D7%A0%D7%95%D7%9F-%D7%94%D7%A0%D7%93%D7%A1%D7%99/| }",,,2017-06-21 00:00:00.000018,2017-06-21 00:00:00.000018
20,PL009,הדמייה,04_design,"בניית מודל וירטואלי של הבית בתלת מימד, מספק הבנה טובה יותר של התכנון ומונע ״הפתעות״ בעתיד״
שלב זה יכול לסייע להבנה של התוכניות, ומומלצות לאנשים אשר אינם בעלי ניסיון רב קריאת תוכניות הנדסיות. השלב מומלץ אבל איננו הכרחי","קיימות תוכנות הדמייה די פשוטות בשוק, ניתן ללמוד אותן לבצע את ההדמייה באופן עצמאי",,,,7,21,5000,25000,rendering,,"ApBuyChoose, ApBuyPlanExe, ApRemPlanExe, HouBuyChoose, HouBuyPlanExe, HouBldPlanExe, HouBldChoose, HouIntRemPlanExe, HouExtRemPlanExe",,{:|למה תלת מימד?| => |http://www.totem3d.co.il/%D7%9E%D7%90%D7%9E%D7%A8%D7%99%D7%9D/%D7%98%D7%95%D7%98%D7%9D-%D7%9C%D7%9E%D7%94-%D7%AA%D7%9C%D7%AA-%D7%9E%D7%9E%D7%93/| },,,2017-06-21 00:00:00.000019,2017-06-21 00:00:00.000019
21,RE001,הגשת תוכניות לאישור הרשות,05_license,העברת התוכנית לועדת התכנון. לתוכניות המוגשות לאישור קוראים גרמושקה. הגרמושקה מכילה את כל הנתונים על הבית והמגרש והיא תהיה הבסיס לאישור הרשויות,"אין חובה שהאדריכל המתכנן יהיה גם עורך הבקשה לועדה, חשוב יותר שעורך הבקשה יכיר היטב את הועדה המקומית, הדרישות שלה והנפשות הפועלות",,,,14,45,0,25000,architecture,,"HouBuyChoose, HouBuyPlanExe, HouBldChoose, HouBldPlanExe, HouIntRemPlanExe, HouExtRemPlanExe",,"{:|מה זאת גרמושקא?| => |http://www.onlinearchitect.org/single-post/2016/1/28/%D7%9B%D7%9C-%D7%9E%D7%94-%D7%A9%D7%A8%D7%A6%D7%99%D7%AA-%D7%9C%D7%93%D7%A2%D7%AA-%D7%A2%D7%9C-%D7%92%D7%A8%D7%9E%D7%95%D7%A9%D7%A7%D7%94| , :|מה זה גרמושקה?| => |https://www.youtube.com/watch?v=FQk6hIuwml0| , :|איך להגיש ולהכין היתר בניה| => |https://www.youtube.com/watch?v=TOFP8jS9zjM|  }",,,2017-06-21 00:00:00.000020,2017-06-21 00:00:00.000020
22,RE002,ועדת תיכנון ובבניה,05_license,"לאחר הגשת הגרמושקא היא ממתינה בתור לוועדת תיכנון ובניה. עם התכנסות הועה התוכנית תידון. תוצר הועדה הינו רשימת דרישות. עליו למלא את כל הדרישות ברשימה ולהגגישת לרשות, בכדי לקבל היתר בניה. בין הדרישות הנפוצות - אישור ההג""א, אישור מטמנה, הסכם היקקשרות עם מעבדה מוסמכת, ניספח סניטרי ועוד. ",0,,,,0,0,0,0,0,,0,,,,,2017-06-21 00:00:00.000021,2017-06-21 00:00:00.000021
23,RE003,אישור פיקוד העורף,05_license,"אם נתבקשת ברשימת הדרשות שהתקבלו מהוועדה, יש להגיש לפיקוד העורף תוכנית לאישור הממ""ד. ",0,,,,7,30,0,0,architecture,,"HouBuyChoose, HouBuyPlanExe, HouBldChoose, HouBldPlanExe, HouIntRemPlanExe, HouExtRemPlanExe",,{:|אישור הג״א| => |http://www.oref.org.il/Mobile/10819-he/Pakar.aspx| },,,2017-06-21 00:00:00.000022,2017-06-21 00:00:00.000022
24,RE004,רשות מקרקעי ישראל (רמ״י),05_license,"אם נתבקשת ברשימת הדרשות שהתקבלו מהוועדה, יש להגיש את התוכנית לאישור רשות מנהל מקרקעי ישראל ",0,,,,7,30,0,0,architecture,,"HouBuyChoose, HouBuyPlanExe, HouBldChoose, HouBldPlanExe, HouIntRemPlanExe, HouExtRemPlanExe",,{:|אישור מנהל מקרקעי ישראל להיתר בנייה| => |http://www.mmi.gov.il/static/faq5.asp| },,,2017-06-21 00:00:00.000023,2017-06-21 00:00:00.000023
25,RE005,אגרות בניה,05_license,תשלום אגרה על מנת לפתוח בהליך בדיקת הבקשה מול רשויות התכנון,0,,,,1,3,0,0,customer,,"HouBuyChoose, HouBuyPlanExe, HouBldChoose, HouBldPlanExe, HouIntRemPlanExe, HouExtRemPlanExe",,{:|תהליך הרישוי| => |http://anibone.co.il/%D7%AA%D7%94%D7%9C%D7%99%D7%9A-%D7%A8%D7%99%D7%A9%D7%95%D7%99-%D7%9C%D7%A7%D7%91%D7%9C%D7%AA-%D7%94%D7%99%D7%AA%D7%A8-%D7%91%D7%A0%D7%99%D7%99%D7%94-3/| },,,2017-06-21 00:00:00.000024,2017-06-21 00:00:00.000024
26,RE006,תכנית סניטרית,05_license,"אם נתבקשת ברשימת הדרשות שהתקבלו מהוועדה, יש להכין תוכנית תכנון הביוב בנכס ומחוץ לו.",0,,,,7,14,1500,10000,plumbing,,"HouBuyChoose, HouBuyPlanExe, HouBldChoose, HouBldPlanExe, HouIntRemPlanExe, HouExtRemPlanExe",,"{:|הסבר על אינסטלציה לבית| => |http://bonimbayit.co.il/bonim/plum| , :|19 טיפים לאינסטלציה| => |http://bonimbayit.co.il/bonim/19-d798d799d7a4d799d79d-d7a2d79c-d790d799d7a0d7a1d798d79cd7a6d799d794| , :|תכנון צנרת אינסטלציה| => |https://www.youtube.com/watch?v=pUn-8YuxBtY|  }",,,2017-06-21 00:00:00.000025,2017-06-21 00:00:00.000025
27,RE007,תשלום לתאגיד המים,05_license,?? לבדוק האם צריך,0,,,,1,1,0,0,water_institution,,"HouBldChoose, HouBuyPlanExe, HouBldPlanExe, HouBldExe, HouExtRemPlanExe, HouExtRemExe",,,,,2017-06-21 00:00:00.000026,2017-06-21 00:00:00.000026
28,RE008,חתימת הסכם עם מעבדת בדיקות,05_license,"אם נתבקשת ברשימת הדרשות שהתקבלו מהוועדה, יש לחתום ולהציג היקשרות מול מעבדה מוסמכת הסכם לביצוע כלל הדרישות שידרשו במהלך הבניה - בדיקות בטונים, בדיקות אטימות וטיח ממ""ד, בדיקת אינסטלציה ועוד. ",איזוטופ / איזוטסט,,,,1,1,3000,7500,qa,,"HouBldChoose, HouBuyPlanExe, HouBldPlanExe, HouBldExe, HouExtRemPlanExe, HouExtRemExe",,"{:|רשימת מעבדות מאושרות מכון התקנים| => |http://economy.gov.il/standartization/ApprovedLaboratories/Pages/ApprovedLaboratoriesList.aspx| , :|כל מה שחייבים לדעת על מעבדות לבדיקת בטון| => |http://bonimbayit.co.il/bonim/izotest-day| }",,,2017-06-21 00:00:00.000027,2017-06-21 00:00:00.000027
29,RE009,הסכם פינוי פסולת,05_license,"אם נתבקשת ברשימת הדרשות שהתקבלו מהוועדה, יש לחתום הסכם המאשר לרשויות שאת הפסולת תטמינו באתר מורשה",0,,,,1,1,1000,5000,garbage,,"HouBldChoose, HouBuyPlanExe, HouBldPlanExe, HouBldExe, HouExtRemPlanExe, HouExtRemExe",,{:|הטמנת פסולת בניין| => |http://www.sviva.gov.il/subjectsEnv/Waste/ConstructionWaste/Pages/default.aspx| },,,2017-06-21 00:00:00.000028,2017-06-21 00:00:00.000028
30,RE010,תשלום היטל השבחה,05_license,0,0,,,,1,1,0,0,i_l_authority,,"HouBldChoose, HouBuyPlanExe, HouBldPlanExe, HouBldExe, HouExtRemPlanExe, HouExtRemExe",,{:|מדריך להיטל השבחה| => |http://bonim.pnim.gov.il/ToolsAndResources/information/guides/BidGuide/Pages/BidGuide.aspx| },,,2017-06-21 00:00:00.000029,2017-06-21 00:00:00.000029
31,RE011,תשלום אגרת בנייה,05_license,0,0,,,,1,1,0,0,local_construction_concoul,,"HouBldChoose, HouBuyPlanExe, HouBldPlanExe, HouBldExe, HouExtRemPlanExe, HouExtRemExe",,,,,2017-06-21 00:00:00.000030,2017-06-21 00:00:00.000030
32,RE012,קבלת היתר בניה,05_license,"קבלת היתר בנייה על פי חוק לפי השרטוטים שהוגשו לועדה, קבלת ההיתר מהווה למעשה את האישור להתחלת העבודות בשטח",0,,,,0,0,0,0,local_construction_concoul,,"HouBldChoose, HouBuyPlanExe, HouBldPlanExe, HouBldExe, HouExtRemPlanExe, HouExtRemExe",,{:|בקשה להיתר בנייה| => |http://www.glt.org.il/DocLib1/%D7%91%D7%A7%D7%A9%D7%94%20%D7%9C%D7%94%D7%99%D7%AA%D7%A8%20%D7%91%D7%A0%D7%99%D7%94-%20%D7%9E%D7%99%D7%93%D7%A2%20%D7%9B%D7%9C%D7%9C%D7%99.pdf| },,,2017-06-21 00:00:00.000031,2017-06-21 00:00:00.000031
33,DP001,סקיצה סופי,06_detailed_design,"תכנון סופי של הנכס, הכולל את כלל הפרטים הנדרשים לצורך הבניה. בשלב זה נכון להכנס גם לתכנון המפורט של המערכות השונות, כדי להבטיח שהתכנון הסופי יקח בחשבון את כלל הצרכים והשיקולים. 
הנושאים להם צריך לתת את הדעת בשלב זה (ומפורטים בשלבים הבאים) יכולים היות מטופלים על ידי האדריכל או על ידי יועצים ייעודיים לנושא. את ההחלטה על הגורם המטפל יש לקבל על פי המורכבות הנידרשת ועל פי נכונות האדריכל לקחת עליהם אחריות. ",0,,,,30,180,0,0,architecture,,"ApBuyChoose, ApBuyPlanExe, ApRemPlanExe, HouBuyChoose, HouBuyPlanExe, HouBldChoose, HouBldPlanExe, HouIntRemPlanExe, HouExtRemPlanExe",,,,,2017-06-21 00:00:00.000032,2017-06-21 00:00:00.000032
34,DP002,עיצוב פנים,06_detailed_design,"תכנון החלל הפנימי של הבית. חשוב לעשות את תיכנון בשלב בזה כדי להבין כיצד נכון לתכנן את המערכות השונות (למשל, מיקום השולחן בחדר העבודה ישפיע על מיקום החשמל, מיקום הטלויזיה והספה עשויים להשפיע על מיקום המזגן ועוד ועוד). כמו כן תיכנון פנים בשלב זה יאפשר לאשר את התיכנון החיצוני שנעשה ואת החלוקה הפנימית. אם נדרשים שינויים קל יותר לעשות אותם כעת מאשר לאחר הבניה. 
תיכנון החלל הפנימי יכול להעשות ע""י מצב פנים, אדריכל או על ידי הלקוח עצמו.",0,,,,0,0,5000,50000,interior_design,,"ApBuyChoose, ApBuyPlanExe, ApBuyExe, ApRemPlanExe, ApRemExe, HouBuyChoose, HouBuyPlanExe, HouBuyExe, HouBldChoose, HouBldPlanExe, HouIntRemPlanExe, HouExtRemPlanExe",,"{:|כיצד לבחור מעצב פנים| => |http://www.bvd.co.il/%D7%9B%D7%99%D7%A6%D7%93_%D7%AA%D7%91%D7%97%D7%A8%D7%95_%D7%9E%D7%A2%D7%A6%D7%91_%D7%A4%D7%A0%D7%99%D7%9D_%D7%9E%D7%AA%D7%90%D7%99%D7%9D.html| , :|בחירת מעצב פנים| => |http://www.midrag.co.il/tips/tip50.asp| }",,,2017-06-21 00:00:00.000033,2017-06-21 00:00:00.000033
35,DP003,יעוץ מזגנים,06_detailed_design,"תיכנון האופן בו יחומם או יקורר הבית יכולה להעשות ע""י יועץ מזגנים, על ידי מעצב הפנים או על ידי האדריכל, ע""פ המורכבות הנדרשת בבית ועל פי יכולות בעלי המקצוע שנבחרו לפרויקט. 
בשלב זה יש לקבל החלטות בנוגע לסוג ולמיקום המזגנים על מנת לאפשר ביצוע הכנות במקומות הנדרשים. ההכנות למיזוג כוללות צנרת חשמל וגז שעוברות בין היחידה החיצונית לפנימית, וניקוז מים מהיחידה הפנימית לניקוז הכללי של הבית",רצוי לקצר את המרחקים בין היחידות הפנימיות לחיצוניות ע״מ לחסוך בעלות הצנרת ולשפר את תפוקת המזגנים,,,,2,10,0,5000,ac,,"ApBuyChoose, ApBuyPlanExe, ApBuyExe, ApRemPlanExe, ApRemExe, HouBuyChoose, HouBuyPlanExe, HouBuyExe, HouBldChoose, HouBldPlanExe, HouIntRemPlanExe, HouExtRemPlanExe",,{:|תכנון נכון של מערכת מיזוג לבית| => |http://www.tovtoda.co.il/Article.aspx?id=82| },,,2017-06-21 00:00:00.000034,2017-06-21 00:00:00.000034
36,DP004,יעוץ תאורה,06_detailed_design,"יועץ תאורה יתכנן את מיקום, סוג וכמות גופי התאורה להם אתם זקוקים בבית, יועץ התאורה יכול להיות מומחה בתחום או מומחה מטעם אחת מחברות התאורה, כל המלצות יועץ התאורה צריכות להכנס לתכנית החשמל על מנת שיבוצעו לפי התכנון","תאורה הינו תחום מורכב ומתפתח, ומשום כך איש מקצוע יתן מענה טוב יותר לצרכים שלכם בהתאם לתקציב שלכם, תכנון לא נכון של תאורה יכול לגרום להוצאות מיותרות בהמשך, או לתאורה שאינה מתאימה לאוירה אותה אתם רוצים לייצר",,,,7,14,2500,25000,lighting,,"ApBuyChoose, ApBuyPlanExe, ApBuyExe, ApRemPlanExe, ApRemExe, HouBuyChoose, HouBuyPlanExe, HouBuyExe, HouBldChoose, HouBldPlanExe, HouIntRemPlanExe, HouExtRemPlanExe",,"{:|איך לתכנן תאורה לבית| => |https://www.youtube.com/watch?v=lGktWNWOIRM| , :|איך מעצבים תאורה?| => |https://www.youtube.com/watch?v=gSa2IO72qp4| }",,,2017-06-21 00:00:00.000035,2017-06-21 00:00:00.000035
37,DP005,יעוץ חשמל חכם,06_detailed_design,הכנת תכנית לאביזרים ונקודות חשמל חכמות בבית ושילובם בתכנית החשמל הראשית,"חשמל חכם הינו תחום המתפתח במהירות עצומה בשנים האחרונות, לימוד של הנושא והחלטה על האלמנטים אותם תרצו לשלב חשובה בשלבים הראשוניים על מנת לחסוך עד כמה שניתן בהוצאות על תשתית חשמל ושילוב נכון של האלמנטים השונים",,,,7,14,2500,50000,smart_home,,"ApBuyChoose, ApBuyPlanExe, ApBuyExe, ApRemPlanExe, ApRemExe, HouBuyChoose, HouBuyPlanExe, HouBuyExe, HouBldChoose, HouBldPlanExe, HouIntRemPlanExe, HouExtRemPlanExe",,{:|בית חכם| => |http://bonimbayit.co.il/bonim/d791d799d7aa-d797d79bd79d-d7a4d7a2d79d-d796d794-d794d799d794-d797d79cd795d79d-d7a8d797d795d7a7-d794d79| },,,2017-06-21 00:00:00.000036,2017-06-21 00:00:00.000036
38,DP006,יעוץ מטבחים,06_detailed_design,"הכנת תכנית למטבח בהתאם לתכנון האדריכלי, והתאמת המטבח לצרכים והעדפות האישיות, חלק מתוכנית המטבח הינו מיקום נקודות החשמל והמים הנדרשות","מטבח הינו ככל הנראה פרט הריהוט היקר בביתכם עם כמות משתנים עצומה (צבעים, חומר, גודל, פרזולים שונים ועוד), על מנת לוודא שהמטבח עומד בדרישות שלכם כדאי לתכנן אותו מוקדם ככל הניתן ובעזרת איש מקצוע יעודי, על מנת שאם נדרש שינוי בתכנון האדריכלי יהיה ניתן לבצע אותו ביתר קלות",,,,14,30,0,15000,kitchen_design,,"ApBuyChoose, ApBuyPlanExe, ApBuyExe, ApRemPlanExe, ApRemExe, HouBuyChoose, HouBuyPlanExe, HouBuyExe, HouBldChoose, HouBldPlanExe, HouIntRemPlanExe, HouExtRemPlanExe",,"{:|טיפים לעיצוב מטבח| => |http://www.bvd.co.il/%D7%A2%D7%A9%D7%94_%D7%96%D7%90%D7%AA_%D7%91%D7%A2%D7%A6%D7%9E%D7%9A_%D7%A2%D7%99%D7%A6%D7%95%D7%91_%D7%94%D7%9E%D7%98%D7%91%D7%97.html| , :|המדריך השלם לבחירת מטבח| => |http://xnet.ynet.co.il/diy/articles/0,14712,L-3082955,00.html| , :|עיצוב מטבח| => |https://www.youtube.com/watch?v=fhwfRWiM1LQ|  }",,,2017-06-21 00:00:00.000037,2017-06-21 00:00:00.000037
39,DP007,יעוץ חימום,06_detailed_design,"קיימים פתרונות מגוונים לחימום הבית: מיזוג, חימום תת רצפתי, רדיאטורים, קמין. רצוי להתייעץ על מספר פתרונות ולבחור את הפתרון המתאים לכם ",בחימום יש לשקלל את עלות המערכת הראשונית למול עלות התפעול לאורך זמן,,,,7,21,0,10000,ac,,"ApBuyChoose, ApBuyPlanExe, ApBuyExe, ApRemPlanExe, ApRemExe, HouBuyChoose, HouBuyPlanExe, HouBuyExe, HouBldChoose, HouBldPlanExe, HouIntRemPlanExe, HouExtRemPlanExe",,"{:|המדריך לחימום הבית| => |http://www.midrag.co.il/tips/tip121.asp| , :|איזה חימום כדאי| => |https://www.youtube.com/watch?v=tzVGgCB56oc| }",,,2017-06-21 00:00:00.000038,2017-06-21 00:00:00.000038
40,DP008,יעוץ מיגון,06_detailed_design,"איפיון אמצעי המיגון לבית וגם הגדרת צרכים למערכת אזעקה, והוצאת תכנית אזעקה על מנת שהחשמלאי יוכל לבצע הכנות בהתאם",0,,,,7,14,0,10000,security,,"ApBuyChoose, ApBuyPlanExe, ApBuyExe, ApRemPlanExe, ApRemExe, HouBuyChoose, HouBuyPlanExe, HouBuyExe, HouBldChoose, HouBldPlanExe, HouIntRemPlanExe, HouExtRemPlanExe",,"{:|איך מונעים את הפריצה הבאה?| => |https://www.pro.co.il/ShowArticle.asp?ar=324| , :|איך לבחור אזעקה לבית| => |http://www.mokedinfo.co.il/page.php?actions=show&instance_id=3&id=115| , :|התקנת אזעקה| => |http://www.midrag.co.il/tips/tip37.asp|  }",,,2017-06-21 00:00:00.000039,2017-06-21 00:00:00.000039
41,DP009,תכניות עבודה,06_detailed_design,"זהו. הכל מתוכנן ומוכן לתחילת העבודה. רגע לפני שהכל מוכן יש לוודא שישנן תוכניות עבודה מפורטות ומעודכנות, הלוקחות בחשבון את הצרכים של כלל המערכות, על פיהן הקבלן יוכל לעבוד.",חשוב לשים לב למספר הגירסא של תוכניות העבודה. תוכניות העבודה לרוב משתנות לאורך חיי הפרויקט עקב שינויים או תקלות שמתגלות בדרך. חשוב לוודא כי לאורך כל חיי הפרויקט כל הקבלנים עובדים על פי תוכניות העבודה המאושרות והעדכניות ביותר.,,,,7,14,0,0,#N/A,,"ApBuyChoose, ApBuyPlanExe, ApBuyExe, ApRemPlanExe, ApRemExe, HouBuyChoose, HouBuyPlanExe, HouBuyExe, HouBldChoose, HouBldPlanExe, HouIntRemPlanExe, HouExtRemPlanExe",,"{:|תכניות עבודה לבניית הבית| => |http://hmtemplates.wixsite.com/lev-arch/workplan| , :|מה מכיל סט תכניות עבודה| => |http://www.rutyweinberg.co.il/%D7%A1%D7%98-%D7%AA%D7%9B%D7%A0%D7%99%D7%95%D7%AA-%D7%A2%D7%91%D7%95%D7%93%D7%94-%D7%91%D7%A2%D7%99%D7%A6%D7%95%D7%91-%D7%A4%D7%A0%D7%99%D7%9D-%D7%9E%D7%94-%D7%9E%D7%9B%D7%99%D7%9C/| }",,,2017-06-21 00:00:00.000040,2017-06-21 00:00:00.000040
42,DP010,פרטי בניין,06_detailed_design,האם נדרש?,0,,,,0,0,0,0,architecture,,"ApBuyChoose, ApBuyPlanExe, ApBuyExe, ApRemPlanExe, ApRemExe, HouBuyChoose, HouBuyPlanExe, HouBuyExe, HouBldChoose, HouBldPlanExe, HouIntRemPlanExe, HouExtRemPlanExe",,,,,2017-06-21 00:00:00.000041,2017-06-21 00:00:00.000041
43,DP011,פריסות,06_detailed_design,האם נדרש?,0,,,,0,0,0,0,architecture,,"ApBuyChoose, ApBuyPlanExe, ApBuyExe, ApRemPlanExe, ApRemExe, HouBuyChoose, HouBuyPlanExe, HouBuyExe, HouBldChoose, HouBldPlanExe, HouIntRemPlanExe, HouExtRemPlanExe",,,,,2017-06-21 00:00:00.000042,2017-06-21 00:00:00.000042
44,DP012,מפרטים,06_detailed_design,האם נדרש?,0,,,,0,0,0,0,architecture,,"ApBuyChoose, ApBuyPlanExe, ApBuyExe, ApRemPlanExe, ApRemExe, HouBuyChoose, HouBuyPlanExe, HouBuyExe, HouBldChoose, HouBldPlanExe, HouIntRemPlanExe, HouExtRemPlanExe",,,,,2017-06-21 00:00:00.000043,2017-06-21 00:00:00.000043
45,FI001,בנק מממן,02_finance,"בחירת הגורם המממן על ידי גוף יעוץ משכנתאות חיצוני, על פי התנאים המגבלות כפי שהוגדרו","רצוי לבצע את תהליך לקיחת המשכנתא באמצעות איש מקצוע שיעזור לכם בהחלטה על סוג ההלוואה אותו אתם לוקחים, בחירת הגוף המממן וניהול התהליך עד לקבלת האישור",,,,0,0,0,0,financing_bank,,"ApBuyChoose, HouBuyChoose, HouBldChoose",,"{:|בחירת בנק משכנתאות| => |http://www.vider.co.il/the_complete_guide/%D7%AA%D7%94%D7%9C%D7%99%D7%9A-%D7%A7%D7%91%D7%9C%D7%AA-%D7%9E%D7%A9%D7%9B%D7%A0%D7%AA%D7%90/%D7%91%D7%97%D7%99%D7%A8%D7%AA-%D7%91%D7%A0%D7%A7-%D7%9C%D7%9E%D7%A9%D7%9B%D7%A0%D7%AA%D7%90%D7%95%D7%AA/| , :|בחירת משכנתא| => |http://www.hon.co.il/%D7%91%D7%97%D7%99%D7%A8%D7%AA-%D7%94%D7%9E%D7%A9%D7%9B%D7%A0%D7%AA%D7%90/| }",,,2017-06-21 00:00:00.000044,2017-06-21 00:00:00.000044
46,FI002,שמאות,02_finance,"ביקור שמאי מטעם הבנק המממן, ע״מ להעריך את שווי הנכס ואישור הקצאת הסכום הראשוני לבנייה",0,,,,0,0,0,0,appraising,,"ApBuyChoose, HouBuyChoose, HouBldChoose",,{:|איך גורמים לשמאי להעריך את הנכס נכון| => |http://www.simplemortgage.co.il/articles/%D7%90%D7%99%D7%9A-%D7%92%D7%95%D7%A8%D7%9E%D7%99%D7%9D-%D7%9C%D7%A9%D7%9E%D7%90%D7%99-%D7%A9%D7%9C-%D7%94%D7%91%D7%A0%D7%A7-%D7%9C%D7%94%D7%A2%D7%A8%D7%99%D7%9A-%D7%90%D7%AA-%D7%94%D7%A0%D7%9B%D7%A1/| },,,2017-06-21 00:00:00.000045,2017-06-21 00:00:00.000045
47,CO001,סגירת הסכם מול מפקח,08_choose_constructor,"מפקח יתאם את כל בעלי המקצוע, ויהיה אחראי על פיקוח בשטח על טיב העבודה והחומרים בהם משתמשים בעלי המקצוע. המפקח יכול גם לסייע בתהליך בחירת הקבלן המבצע, השוואה בין ההצעות המתקבלות, ניהול מו""מ למול הקבלנים וחתימת החוזים מולם. אם אין לכם ניסיון בתחום או אם אתם מודעים לכך שהזמן שיהיה לכם להיות מעורבים בבניה הינו מוגבל, מומלץ לשכור את שירותיו של מפקח",0,,,,7,21,0,0,site_management,,"ApBuyChoose, ApBuyPlanExe, ApBuyExe, ApRemPlanExe, ApRemExe, HouBuyChoose, HouBuyPlanExe, HouBuyExe, HouBldChoose, HouBldPlanExe, HouBldExe, HouIntRemPlanExe, HouIntRemExe, HouExtRemPlanExe, HouExtRemExe",,,,,2017-06-21 00:00:00.000046,2017-06-21 00:00:00.000046
48,CO002,החלטה על סוג הקבלן,08_choose_constructor,"ישנם שני סוגים עיקריים של קבלנים:
1. קבלן מפתח - קבלן המבצע את כלל העבודה. לעיתים קרובות קבלן זה יעסיק קבלני משנה עבור חלק מהעבודות (לדוגמה, קבלן חשמל או קבלן מיזוג) אולם מבחינתך כלקוח כל ההתנהלות הינו מול קבלן אחד המקבל אחריות כוללת לפרויקט. 
2. עבודה ישירה מול קבלני משנה - העסקה של קבלנים שונים לביצוע העבודות - קבלן בינוי, קבלן חשמל, קבלן אינסטלציה, קבלן מיזוג, ועוד. ","עלויות של קבלן מפתח מייקרות את הפרוייקט בכ-20%-30% לעומת עבודה ישירה למול קבלנים. אולם, עבודה ישירה מול הקבלנים דורשת תאומים רבים בניהם, וגוררת אי בהירות בנוגע לאחריות על נושאים שונים במהלך העבודה. 
כמו כן לאחר סיום העבודה קבלן מ]תח יתן לך אחריות כוללת לכל התחומים. במקרה של פיצול העבודה לקבלנים שונים יגרום לאי בהירות הנוגע לתקלות לאחר סיום הפרויקט והעברת האחריות מקבלן אחד לשני (לדוגמה, תקלה בקירור עשויה להגרם עקב הכנות לא נכונות של קבלן הבינוי, בעיית חשמל של קבלן החשמל או בעיה במזגן של קבלן המיזוג...)",,,,14,60,0,0,customer,,"HouBuyChoose, HouBuyPlanExe, HouBuyExe, HouBldChoose, HouBldPlanExe, HouBldExe, HouIntRemPlanExe, HouIntRemExe, HouExtRemPlanExe, HouExtRemExe",,,,,2017-06-21 00:00:00.000047,2017-06-21 00:00:00.000047
49,CO003,החלטה על סוג הבנייה,08_choose_constructor,"בחירה בסוג הבנייה משפיעה על בחירת בעלי המקצוע, קיימים מספר סוגי בנייה: שלד בטון, שלד פלדה, שלד עץ ולכל אחד יתרונות וחסרונות וכמו כן בחירת גמרים שונים: קירות בלוקים, גבס, חיפויים שונים, סוג הגג ועוד","ניתן לנהל את התהליך במקביל לבחירת הקבלן הראשי שיכתיב את סוג השלד, צריך להבין את היתרונות והחסרונות של כל סוג בנייה ולהחליט לפי מההתאמה האישית",,,,30,90,0,0,customer,,"HouBuyChoose, HouBuyPlanExe, HouBuyExe, HouBldChoose, HouBldPlanExe, HouBldExe, HouIntRemPlanExe, HouIntRemExe, HouExtRemPlanExe, HouExtRemExe",,,,,2017-06-21 00:00:00.000048,2017-06-21 00:00:00.000048
50,CO004,הכנה ופירסום של מכרז,08_choose_constructor,"כעת נרצה לקבל הצעות מחיר מקבלנים שונים, כדי לבחור את הקבלן שיבצע את העבודה. את המכרז ניתן לקיים במספר דרכים:
1. שליחה של תוכניות לקבלנים וקבלת הצעת מחיר
2. הכנת כתבי כמויות המפרטים את העבודה הנדרשת ואת האופן בו יש לבצע את הפעולות (למשל, איכות החומרים בהם ישתמשו, שיטות עבודה ועוד) וקבלת הצעת מחיר על סמך כתבי הכמויות. 
בכל מקרה חושב להבהיר בעת פרסום המכרז מה הציפיות מהקבלן - האם החומרים יסופקו על ידו או על ידי הלקוח, אם הקבלן מספק חומרים מה תהיה איכותם, וכדומה",0,,,,7,14,0,0,customer,,"ApBuyChoose, ApBuyPlanExe, ApBuyExe, ApRemPlanExe, ApRemExe, HouBuyChoose, HouBuyPlanExe, HouBuyExe, HouBldChoose, HouBldPlanExe, HouBldExe, HouIntRemPlanExe, HouIntRemExe, HouExtRemPlanExe, HouExtRemExe",,,,,2017-06-21 00:00:00.000049,2017-06-21 00:00:00.000049
51,CO005,השוואת הצעות,08_choose_constructor,"השוואה את ההצעות שקיבלת מנהקבלנים השונים. חשוב לשים לב כי משווים את ההצעות באופן נכון - שים לב לתכולה המוצעת. שים לב איזה חומרים כלולים ואיזה אינם כלולים. הגדר מראש את העלות לשינויים. 
","בנוסף לעלויות חשוב לקחת דברים נוספים בחשבון  1. אמינות הקבלן - דבר עם אנשים אצלם עבד הקבלן בעבר. שאל האם עמד בלוחות הזמנים, האם איכות העבודה היתה טובה, והאם דרש תוספות רבות למחיר במהלך הפרויקט.   2. איכות עבודת הקבלן - בקש ללכת ולראות פרויקטים אותם עשה הקבלן. בדוק מהי האיכות ורמת הגימור של העבודה. ",,,,2,7,0,0,customer,,"ApBuyChoose, ApBuyPlanExe, ApBuyExe, ApRemPlanExe, ApRemExe, HouBuyChoose, HouBuyPlanExe, HouBuyExe, HouBldChoose, HouBldPlanExe, HouBldExe, HouIntRemPlanExe, HouIntRemExe, HouExtRemPlanExe, HouExtRemExe",,,,,2017-06-21 00:00:00.000050,2017-06-21 00:00:00.000050
52,CO006,בחירת קבלן מבצע וחתימת חוזה מולו,08_choose_constructor,"חתום על חוזה מול הקבלן. חשוב כי בעל מקצוע הבקיא בחוזים מסוג זה ייעץ לך בעת חתימת החוזה.
רצוי לערב את עורך הדין בחתימה על ההסכם כדי לוודא שכל הנושאים מכוסים","נקודות חשובות בחוזה הנחתם
1. ציון ברור של תכולת העבודה ואיכותה
2. הגדרת לוחות זמנים ברורים לסיום העבודה, תוך הגדרת קנסות ואי עמידה בלוחות זמנים, ובונוסים על הקדמת לוחות הזמנים. 
3. הגדרת אבני דרך לתשלום: וודא כי התשלומים הינם בקשר ישיר להתקדמות העבודה. כמו כן יש לוודא כי משאירים יתרה סבירה לסיום העבודה וכן לסיום שנת הבדק. 
3. ערבויות: בקש מהקבלן ערבויות לביצוע העבודה. 
4. הגדרת שנת בדק: אמנם זה מחוייב על פי החוק, אולם מומלץ לציין כי הקבלן ייספק שנת בדק ואחריות מלאה לעבודות למשך שנה שלמה, ושלוש שנים עבור עבודות איטום. 
5. ביטוח: חשוב לדרוש כי הקבלן יציג ביטוח מקצועי בתוקף
6. קבלן רשום: על הקבלן להציג תעודה כי הינו קבלן רשום.  ",,,,2,14,0,0,customer,,"ApBuyChoose, ApBuyPlanExe, ApBuyExe, ApRemPlanExe, ApRemExe, HouBuyChoose, HouBuyPlanExe, HouBuyExe, HouBldChoose, HouBldPlanExe, HouBldExe, HouIntRemPlanExe, HouIntRemExe, HouExtRemPlanExe, HouExtRemExe",,,,,2017-06-21 00:00:00.000051,2017-06-21 00:00:00.000051
53,CO007,סט תוכניות עבודה,08_choose_constructor,"קבלת סט תוכניות עבודה מהאדריכל הכוללות תוכניות חזיתות, הדמיות אם יש, תכנית אינסטלציה, תכנית חשמל על מנת שבעלי המקצוע השונים יוכלו להעריך את עלות העבודה",0,,,,30,60,10000,100000,architecture,,"ApBuyChoose, ApBuyPlanExe, ApBuyExe, ApRemPlanExe, ApRemExe, HouBuyChoose, HouBuyPlanExe, HouBuyExe, HouBldChoose, HouBldPlanExe, HouBldExe, HouIntRemPlanExe, HouIntRemExe, HouExtRemPlanExe, HouExtRemExe",,,,,2017-06-21 00:00:00.000052,2017-06-21 00:00:00.000052
54,CO008,יעוץ קרקע,08_choose_constructor,"בהתאם להמלצת הקונסטרוקטור, יתכן שתידרשו לייעוץ קרקע על מנת לבדוק את סוג הקרקע עליה נבנה הבית ובהתאם להחליט על סוג ותכנון היסודות, ",0,,,,7,14,1500,10000,soil_expert,,"HouBldChoose, HouBldPlanExe, HouBldExe, HouExtRemPlanExe, HouExtRemExe",,,,,2017-06-21 00:00:00.000053,2017-06-21 00:00:00.000053
55,CO009,דגימת קרקע,08_choose_constructor,"בהתאם להגדרת יועץ הקרקע, ביצוע דגימה במספר מקומות במגרש, והעברת הדו״ח ליועץ הקרקע",0,,,,2,10,500,10000,soil_sampling,,"HouBldChoose, HouBldPlanExe, HouBldExe, HouExtRemPlanExe, HouExtRemExe",,,,,2017-06-21 00:00:00.000054,2017-06-21 00:00:00.000054
56,CO010,הדמייה,08_choose_constructor,"בניית מודל וירטואלי של הבית בתלת מימד, מספק הבנה טובה יותר של התכנון ומונע ״הפתעות״ בעתיד״","קיימות תוכנות הדמייה די פשוטות בשוק, ניתן ללמוד אותן לבצע את ההדמייה באופן עצמאי",,,,7,21,5000,25000,rendering,,"ApBuyChoose, ApBuyPlanExe, ApBuyExe, ApRemPlanExe, HouBuyChoose, HouBuyPlanExe, HouBuyExe, HouBldChoose, HouBldPlanExe, HouIntRemPlanExe, HouIntRemExe, HouExtRemPlanExe, HouExtRemExe",,,,,2017-06-21 00:00:00.000055,2017-06-21 00:00:00.000055
57,CO011,הסכם שינויים,08_choose_constructor,"חתימה על הסכם שינויים עם החברה המשכנת המגדיר את השינויים המבוקשים בהתאם לתוכניות מעודכנות, תמחור ושינוי לוחות זמנים מוסכם",0,,,,0,0,0,0,contruction_company,,0,,,,,2017-06-21 00:00:00.000056,2017-06-21 00:00:00.000056
58,ST001,תכנית מודד,10_build_skeleton,תכנית מודד המסמנת בשטח את גבולות המגרש ומיקום היסודות,"לעבור ולבדוק כל סימון של המודד על מנת לוודא שאין טעויות, כל תזוזה במיקום תהווה בעייה מהותית אח״כ",,,,7,14,2000,4000,measures,,"HouBuyChoose, HouBuyPlanExe, HouBuyExe, HouBldChoose, HouBldPlanExe, HouBldExe, HouExtRemPlanExe, HouExtRemExe",,,,,2017-06-21 00:00:00.000057,2017-06-21 00:00:00.000057
59,ST002,ביטוח,10_build_skeleton,קברת הסכם ביטוחי עבור הפרוייקט,הקבלן צריך לספק תעודת ביטוח המכסה נזקים ונפגעים בשטח האתר או כתוצאה מהעבודות של הפרוייקט,,,,0,0,0,0,main_constructor,,0,,,,,2017-06-21 00:00:00.000058,2017-06-21 00:00:00.000058
60,ST003,גידור,10_build_skeleton,גידור מתחם העבודות על מנת למנוע כניסה של כל מי שאינו חלק מהפרוייקט,0,,,,0,0,0,0,main_constructor,,0,,,,,2017-06-21 00:00:00.000059,2017-06-21 00:00:00.000059
61,ST004,יישור וניקוי השטח,10_build_skeleton,"כאשר רלוונטי, יש להכין את השטח לעבודה. יישור השטח, הוצאת פסולת ויישור פני הקרקע",0,,,,2,7,3000,15000,tractor,,"HouBuyChoose, HouBuyPlanExe, HouBuyExe, HouBldChoose, HouBldPlanExe, HouBldExe, HouExtRemPlanExe, HouExtRemExe",,,,,2017-06-21 00:00:00.000060,2017-06-21 00:00:00.000060
62,ST006,סגירת הסכם מול אינסטלטור,10_build_skeleton,0,0,,,,7,14,0,0,customer,,0,,,,,2017-06-21 00:00:00.000061,2017-06-21 00:00:00.000061
63,ST007,הריסת המבנה,10_build_skeleton,"במידה וקיים מבנה או חלק ממנו על המגרש, קבלן הריסה יהרוס ויפנה את המבנה לפי ההנחיות. יש להקפיד להנחות את הקבלן לפנות את ההריסות למקום פינוי פסולת בניין חוקית, ולדרוש ממנו קבלות על הפקדה מאוחר יותר",0,,,,3,14,10000,100000,demolition,,0,,,,,2017-06-21 00:00:00.000062,2017-06-21 00:00:00.000062
64,ST008,ביסוס,10_build_skeleton,ביצוע ביסוסים לבניה. ישנן שיטות ביסוס שונות הנקבעות על פי סוג הקרקע ושוג המבנה. קביעת סוג הביסוס נעשה על ידי הקונסטרוקטור. ,"הקידוח והיציקה צריכים להתבצע באותו יום, יש לתאם את הכל מראש
הערכת מחיר - 22ש״ח למטר קידוח  (תלוי בקוטר הכלונסאות) 250ש״ח + מע״מ לקוב בטון",,,,1,4,0,0,pillars,,"HouBldChoose, HouBldPlanExe, HouBldExe, HouExtRemPlanExe, HouExtRemExe",,,,,2017-06-21 00:00:00.000063,2017-06-21 00:00:00.000063
65,ST009,דגימת בטון ביסוס,10_build_skeleton,"על מנת לוודא את טיב הבטון, יש לקחת דגימות מהכלונסאות מייד לאחר היציקה",0,,,,1,1,0,0,qa,,"HouBldChoose, HouBldPlanExe, HouBldExe, HouExtRemPlanExe, HouExtRemExe",,,,,2017-06-21 00:00:00.000064,2017-06-21 00:00:00.000064
66,ST010,הזמנת שעון מים,10_build_skeleton,עם קבלת ההיתר מתקבל טופס 2 אשר מאפשר קבלת שעון מים זמני שאותו יש להזמין מחברת המים המקומית,"כדי לוודא את תקינות מערכת האינסטלציה, רצוי להכניס לחץ מים למערכת עם הסיום של ההכנול ולבדוק נזילות, כך גם אם קו יפגע תוך כדי העבודות תדעו על כך מיידית ולא בסוף הבנייה",,,,7,21,0,0,water_institution,,"HouBldChoose, HouBldPlanExe, HouBldExe",,,,,2017-06-21 00:00:00.000065,2017-06-21 00:00:00.000065
67,ST011,חיבור חשמל זמני,10_build_skeleton,"עם קבלת ההיתר מתקבל טופס 2 אשר מאפשר קבלת חיבור חשמל זמני, שיאפשר לכם לקבל חשמל עבור העבודות באתר, החשמלאי שלכם אמור להתקין את החיבור במגרש",0,,,,10,30,5000,10000,electricity_supplier,,"HouBldChoose, HouBldPlanExe, HouBldExe",,,,,2017-06-21 00:00:00.000066,2017-06-21 00:00:00.000066
68,ST012,הכנות לחיבור חשמל זמני,10_build_skeleton,"התקנת פילר, ובקשת חשמל זמני מחברת חשמל",0,,,,1,5,1000,3000,electricity,,"HouBldChoose, HouBldPlanExe, HouBldExe",,,,,2017-06-21 00:00:00.000067,2017-06-21 00:00:00.000067
69,ST013,תפסנות קורות יסוד וקורות קשר ,10_build_skeleton,קורות היסוד הן הבסיס הקושר את כל הכלונסאות ורצפת הבית ומהוות בסיס חשוב לכל קונסטרוקציית הבית,0,,,,3,10,0,0,main_constructor,,"HouBldChoose, HouBldPlanExe, HouBldExe, HouExtRemPlanExe, HouExtRemExe",,,,,2017-06-21 00:00:00.000068,2017-06-21 00:00:00.000068
70,ST014,בדיקת קורות יסוד,10_build_skeleton,יש להזמין את הקונסטרוקטור על מנת לבדוק ולאשר את התפסנות של קורות היסוד,0,,,,1,1,0,0,contruction,,"HouBldChoose, HouBldPlanExe, HouBldExe, HouExtRemPlanExe, HouExtRemExe",,,,,2017-06-21 00:00:00.000069,2017-06-21 00:00:00.000069
71,ST015,הארקת יסוד,10_build_skeleton,"החשמלאי מבצע את הארקת הבית דרך היסוד והכלונסאות, הארקה תפקידה להוריד את החשמל לאדמה דרך הברזלים במידה ונוצר קצר במקום לחשמל ",0,,,,2,4,0,0,electricity,,"HouBldChoose, HouBldPlanExe, HouBldExe, HouExtRemPlanExe, HouExtRemExe",,,,,2017-06-21 00:00:00.000070,2017-06-21 00:00:00.000070
72,ST016,ניתוק רצפה מהאדמה,10_build_skeleton,"ניתוק הרצפה מהאדמה על ידי הנחת בלוקים מקל קר אשר יוצרים שכבת אויר בין רצפת הבטון לאדמה, כך האדמה יכולה לנוע בלי לפגוע בשלמות הרצפה",0,,,,2,4,0,0,main_constructor,,"HouBuyChoose, HouBuyPlanExe, HouBuyExe, HouBldChoose, HouBldPlanExe, HouBldExe, HouIntRemPlanExe, HouIntRemExe, HouExtRemPlanExe, HouExtRemExe",,,,,2017-06-21 00:00:00.000071,2017-06-21 00:00:00.000071
73,ST017,הכנות אינסטלציה,10_build_skeleton,"האיסטלטור מעביר חלק מהתשתיות דרך הרצפה, ואמור להשתלב בשלב הכנת הרצפה",0,,,,5,14,0,0,plumbing,,"ApBuyChoose, ApBuyPlanExe, ApBuyExe, ApRemPlanExe, ApRemExe, HouBuyChoose, HouBuyPlanExe, HouBuyExe, HouBldChoose, HouBldPlanExe, HouBldExe, HouIntRemPlanExe, HouIntRemExe, HouExtRemPlanExe, HouExtRemExe",,,,,2017-06-21 00:00:00.000072,2017-06-21 00:00:00.000072
74,ST018,הכנות מזגנים,10_build_skeleton,העברת צנרת המיזוג ברצפה ממיקום היחידות החיצוניות ליחידות הפנימיות,0,,,,2,5,0,0,ac,,"ApBuyChoose, ApBuyPlanExe, ApBuyExe, ApRemPlanExe, ApRemExe, HouBuyChoose, HouBuyPlanExe, HouBuyExe, HouBldChoose, HouBldPlanExe, HouBldExe, HouIntRemPlanExe, HouIntRemExe, HouExtRemPlanExe, HouExtRemExe",,,,,2017-06-21 00:00:00.000073,2017-06-21 00:00:00.000073
75,ST019,יציקת קורות,10_build_skeleton,0,0,,,,1,3,0,0,main_constructor,,"HouBldChoose, HouBldPlanExe, HouBldExe, HouExtRemPlanExe, HouExtRemExe",,,,,2017-06-21 00:00:00.000074,2017-06-21 00:00:00.000074
76,ST020,יציקת רצפה,10_build_skeleton,0,"הפרדה של רשתות הברזל מהרצפה
הוצאת אויר מהבטון באמצעות ויברטור
",,,,1,3,0,0,main_constructor,,"HouBldChoose, HouBldPlanExe, HouBldExe, HouExtRemPlanExe, HouExtRemExe",,,,,2017-06-21 00:00:00.000075,2017-06-21 00:00:00.000075
77,ST021,עמודים,10_build_skeleton,0,0,,,,5,8,0,0,main_constructor,,"HouBldChoose, HouBldPlanExe, HouBldExe, HouExtRemPlanExe, HouExtRemExe",,,,,2017-06-21 00:00:00.000076,2017-06-21 00:00:00.000076
78,ST022,קירות,10_build_skeleton,0,0,,,,7,21,0,0,main_constructor,,"HouBldChoose, HouBldPlanExe, HouBldExe, HouExtRemPlanExe, HouExtRemExe",,,,,2017-06-21 00:00:00.000077,2017-06-21 00:00:00.000077
79,ST023,קורות,10_build_skeleton,0,0,,,,7,14,0,0,main_constructor,,"HouBldChoose, HouBldPlanExe, HouBldExe, HouExtRemPlanExe, HouExtRemExe",,,,,2017-06-21 00:00:00.000078,2017-06-21 00:00:00.000078
80,ST024,מדרגות,10_build_skeleton,0,0,,,,3,8,0,0,main_constructor,,"HouBldChoose, HouBldPlanExe, HouBldExe, HouExtRemPlanExe, HouExtRemExe",,,,,2017-06-21 00:00:00.000079,2017-06-21 00:00:00.000079
81,ST025,רצפות קומות עליונות,10_build_skeleton,0,0,,,,4,10,0,0,main_constructor,,"HouBldChoose, HouBldPlanExe, HouBldExe, HouExtRemPlanExe, HouExtRemExe",,,,,2017-06-21 00:00:00.000080,2017-06-21 00:00:00.000080
82,ST026,פתחי אור,10_build_skeleton,0,0,,,,7,10,0,0,main_constructor,,"HouBldChoose, HouBldPlanExe, HouBldExe, HouExtRemPlanExe, HouExtRemExe",,,,,2017-06-21 00:00:00.000081,2017-06-21 00:00:00.000081
83,ST027,משקופים עוורים,10_build_skeleton,0,0,,,,2,4,0,0,main_constructor,,"HouBldChoose, HouBldPlanExe, HouBldExe, HouExtRemPlanExe, HouExtRemExe",,,,,2017-06-21 00:00:00.000082,2017-06-21 00:00:00.000082
84,ST028,איטום קורות יסוד וקירות עד לגובה הקרקע,10_build_skeleton,"יש לבצע איטום של כל הקירות הבאים במגע עם הקרקע, ע״מ שמים מבחוץ לא יחדרו לתוך הבית",כדאי להתייעץ עם מומחה איטום על מנת להתאים את הפתרון הנכון לבית שלכם,,,,5,10,0,0,sealing,,"HouBldChoose, HouBldPlanExe, HouBldExe, HouExtRemPlanExe, HouExtRemExe",,,,,2017-06-21 00:00:00.000083,2017-06-21 00:00:00.000083
85,ST029,הכנות גז,10_build_skeleton,"יש לבצע הכנות גז לכל המכשירים המוזנים בגז, ע״פ תכנית נקודות גז",0,,,,1,2,1000,5000,gaz,,"ApBuyChoose, ApBuyPlanExe, ApBuyExe, ApRemPlanExe, ApRemExe, HouBuyChoose, HouBuyPlanExe, HouBuyExe, HouBldChoose, HouBldPlanExe, HouBldExe, HouIntRemPlanExe, HouIntRemExe, HouExtRemPlanExe, HouExtRemExe",,,,,2017-06-21 00:00:00.000084,2017-06-21 00:00:00.000084
86,ST030,גג,10_build_skeleton,"גג רעפים יותקן לפי תכנית גגות, יש לבחור את סוג הרעפים, צבע, סוג הבידוד והאיכות שלו",0,,,,7,14,0,0,roofing,,"HouBldChoose, HouBldPlanExe, HouBldExe, HouExtRemPlanExe, HouExtRemExe",,,,,2017-06-21 00:00:00.000085,2017-06-21 00:00:00.000085
87,ST001,קניית סט ממ״ד,15_shelter,"קניית סט הכולל את הדלת, משקוף והפתחים של הממ״ד",0,,,,1,2,0,0,main_constructor,,"HouBldChoose, HouBldPlanExe, HouBldExe, HouExtRemPlanExe, HouExtRemExe",,,,,2017-06-21 00:00:00.000086,2017-06-21 00:00:00.000086
88,ST002,הכנות אינסטלציה,15_shelter,ניקוז מזגן,0,,,,2,4,0,0,plumbing,,"HouBldChoose, HouBldPlanExe, HouBldExe, HouExtRemPlanExe, HouExtRemExe",,,,,2017-06-21 00:00:00.000087,2017-06-21 00:00:00.000087
89,ST003,הכנות חשמל,15_shelter,לממ״ד לוח חשמל נפרד ויש לבצע הכנות חשמל עבורו,0,,,,2,4,0,0,electricity,,"HouBldChoose, HouBldPlanExe, HouBldExe, HouExtRemPlanExe, HouExtRemExe",,,,,2017-06-21 00:00:00.000088,2017-06-21 00:00:00.000088
90,ST004,דגימת בטון ממ״ד,15_shelter,יש לתאם את חברת הבדיקות לזמן יציקת הממ״ד ע״מ שיקחו דגימות בטון,0,,,,1,1,0,0,qa,,"HouBldChoose, HouBldPlanExe, HouBldExe, HouExtRemPlanExe, HouExtRemExe",,,,,2017-06-21 00:00:00.000089,2017-06-21 00:00:00.000089
91,PL001,תכנית פיתוח,18_development,"בתכנית פיתוח מתכננים את כל מה שנמצא בגבולות המגרש ואינו בשטח הבית, כולל גבהים של הקרקע, שבילים, משטחים יצוקים, גינון, עצים ועוד","רצוי מאוד לשכור את שירותיו של אדריכל נוף אשר עוסק בנושא באופן קבוע, ",,,,7,21,0,0,landscape_design,,"HouBuyChoose, HouBuyPlanExe, HouBuyExe, HouBldChoose, HouBldPlanExe, HouExtRemPlanExe, ",,,,,2017-06-21 00:00:00.000090,2017-06-21 00:00:00.000090
92,PL002,יציקת עמודים לגדר,18_development,0,0,,,,2,7,0,0,main_constructor,,"HouBuyChoose, HouBuyPlanExe, HouBuyExe, HouBldChoose, HouBldPlanExe, HouBldExe, HouIntRemPlanExe, HouExtRemExe",,,,,2017-06-21 00:00:00.000091,2017-06-21 00:00:00.000091
93,PL003,שוחות ביוב וניקוז,18_development,"מיקום בריכות הביוב וחבור שלהן למערכת, בהתאם לתכנית הסניטציה של הבית",0,,,,2,5,0,0,plumbing,,"HouBuyChoose, HouBuyPlanExe, HouBuyExe, HouBldChoose, HouBldPlanExe, HouBldExe, HouExtRemPlanExe, HouExtRemExe",,,,,2017-06-21 00:00:00.000092,2017-06-21 00:00:00.000092
94,PL004,החלפת אדמה לאדמה גננית,18_development,0,0,,,,1,2,0,0,tractor,,"HouBuyChoose, HouBuyPlanExe, HouBuyExe, HouBldChoose, HouBldPlanExe, HouBldExe, HouExtRemPlanExe, HouExtRemExe",,,,,2017-06-21 00:00:00.000093,2017-06-21 00:00:00.000093
95,PL005,ביצוע שבילים,18_development,0,0,,,,3,8,0,0,main_constructor,,"HouBuyChoose, HouBuyPlanExe, HouBuyExe, HouBldChoose, HouBldPlanExe, HouBldExe, HouExtRemPlanExe, HouExtRemExe",,,,,2017-06-21 00:00:00.000094,2017-06-21 00:00:00.000094
96,PL006,הכנת תשתית השקייה,18_development,הכנת תשתית להשקיית הגינה וכל נקודת מים אחרת בחוץ בהתאם לתכנית הפיתוח,0,,,,1,3,0,0,plumbing,,"HouBuyChoose, HouBuyPlanExe, HouBuyExe, HouBldChoose, HouBldPlanExe, HouBldExe, HouExtRemPlanExe, HouExtRemExe",,,,,2017-06-21 00:00:00.000095,2017-06-21 00:00:00.000095
97,PL007,הכנת תשתית לתאורת חוץ,18_development,בהתאם לתכנית הפיתוח / תכנית תאורה,0,,,,1,3,0,0,electricity,,"HouBuyChoose, HouBuyPlanExe, HouBuyExe, HouBldChoose, HouBldPlanExe, HouBldExe, HouExtRemPlanExe, HouExtRemExe",,,,,2017-06-21 00:00:00.000096,2017-06-21 00:00:00.000096
98,PL008,בריכה,18_development,"לאחר חפירת השטח בהתאם לתכנית ומיקום הבריכה, קבלן הבריכה יכול להכנס לשטח ולעבוד. יש לתאם את העבודות עם האינסטלטור והחשמלאי (אם יש צורך)",0,,,,2,8,0,0,pool,,"HouBuyChoose, HouBuyPlanExe, HouBuyExe, HouBldChoose, HouBldPlanExe, HouBldExe, HouExtRemPlanExe, HouExtRemExe",,,,,2017-06-21 00:00:00.000097,2017-06-21 00:00:00.000097
99,PL009,קירות גבס,11_build_gmar,בניית מחיצות גבס במקומות הנדרשים,"קיימים מספר סוגים של פלטות  גבס, השונים בייעוד ובאיכות. התייעצו בנושא וביחרו את הסוג המתאים לכם. כמו כן, יש מספר שיטות וחומרים לבידוד, החליטו לאיזו רמת בידוד תרצו להגיע, ובחרו פתרון מתאים",,,,10,20,0,0,gypsom,,"HouBuyChoose, HouBuyPlanExe, HouBuyExe, HouBldChoose, HouBldPlanExe, HouBldExe, HouIntRemPlanExe, HouIntRemExe, HouExtRemPlanExe, HouExtRemExe",,,,,2017-06-21 00:00:00.000098,2017-06-21 00:00:00.000098
100,PL010,קניית ריצוף,11_build_gmar,בחירת ריצופים לחלקי הבית השונים בהתאם לתכניות והחומרים שנבחרו,0,,,,2,14,0,0,tiles,,"HouBuyChoose, HouBuyPlanExe, HouBuyExe, HouBldChoose, HouBldPlanExe, HouBldExe, HouIntRemPlanExe, HouIntRemExe, HouExtRemPlanExe, HouExtRemExe",,,,,2017-06-21 00:00:00.000099,2017-06-21 00:00:00.000099
101,PL011,קניית חיפויי קיר,11_build_gmar,בחירת חיפויים לחלקי הבית השונים בהתאם לתכניות והחומרים שנבחרו,0,,,,2,14,0,0,tiles,,"HouBuyChoose, HouBuyPlanExe, HouBuyExe, HouBldChoose, HouBldPlanExe, HouBldExe, HouIntRemPlanExe, HouIntRemExe, HouExtRemPlanExe, HouExtRemExe",,,,,2017-06-21 00:00:00.000100,2017-06-21 00:00:00.000100
102,PL012,קניית גופי תאורה,11_build_gmar,בחירת תאורה לחלקי הבית השונים בהתאם לתכניות התאורה,0,,,,0,0,0,0,lighting,,0,,,,,2017-06-21 00:00:00.000101,2017-06-21 00:00:00.000101
103,PL013,בחירת צבעים לפנים הבית,11_build_gmar,"בחירת גוונים וטקסטורות לקירות הבית, פנים וחוץ",0,,,,1,10,0,0,paint,,"ApBuyChoose, ApBuyPlanExe, ApBuyExe, ApRemPlanExe, ApRemExe, ",,,,,2017-06-21 00:00:00.000102,2017-06-21 00:00:00.000102
104,PL014,קניית כלים סניטריים,11_build_gmar,בחירת כלים סניטריים לחלקי הבית השונים בהתאם לתכניות ,0,,,,1,14,0,0,senitary,,"ApBuyChoose, ApBuyPlanExe, ApBuyExe, ApRemPlanExe, ApRemExe, HouBuyChoose, HouBuyPlanExe, HouBuyExe, HouBldChoose, HouBldPlanExe, HouBldExe, HouIntRemPlanExe, HouIntRemExe, HouExtRemPlanExe, HouExtRemExe",,,,,2017-06-21 00:00:00.000103,2017-06-21 00:00:00.000103
105,PL015,בחירת ריצוף,11_build_gmar,"בדיקת הריצופים אשר הוגדרו במפרט ע״י החברה המשכנת, בחברות שהוגדרו, ושינויי הריצוף בהתאם להעדפות",0,,,,2,14,0,0,senitary,,"ApBuyChoose, ApBuyPlanExe, ApBuyExe, ApRemPlanExe, ApRemExe, ",,,,,2017-06-21 00:00:00.000104,2017-06-21 00:00:00.000104
106,PL016,בחירת חיפויי קיר,11_build_gmar,"בדיקת החיפויים אשר הוגדרו במפרט ע״י החברה המשכנת, בחברות שהוגדרו, ושינויי הריצוף בהתאם להעדפות",0,,,,2,14,0,0,senitary,,"ApBuyChoose, ApBuyPlanExe, ApBuyExe, ApRemPlanExe, ApRemExe, ",,,,,2017-06-21 00:00:00.000105,2017-06-21 00:00:00.000105
107,PL017,בחירת צבעים לפנים הבית,11_build_gmar,"בחירת גוונים וטקסטורות לקירות הבית, פנים וחוץ",0,,,,1,10,0,0,paint,,"ApBuyChoose, ApBuyPlanExe, ApBuyExe, ApRemPlanExe, ApRemExe, ",,,,,2017-06-21 00:00:00.000106,2017-06-21 00:00:00.000106
108,PL018,קניית כלים סניטריים,11_build_gmar,"בדיקת הכלים הסניטריים כפי שהוגדרו במפרט ע״י החברה המשכנת, בחברות שהוגדרו, והחלפה שלהם בהתאם להעדפות",0,,,,1,14,0,0,senitary,,"ApBuyChoose, ApBuyPlanExe, ApBuyExe, ApRemPlanExe, ApRemExe, HouBuyChoose, HouBuyPlanExe, HouBuyExe, HouBldChoose, HouBldPlanExe, HouBldExe, HouIntRemPlanExe, HouIntRemExe, HouExtRemPlanExe, HouExtRemExe",,,,,2017-06-21 00:00:00.000107,2017-06-21 00:00:00.000107
109,PL019,קניית מכשירי חשמל,11_build_gmar,"בעיקר חשובים המכשירים למטבח, על מנת שהנגר יוכל לקחת מידות מדוייקות לבניית המטבח בהתאם למכשירים שברשותכם",0,,,,1,14,0,0,electricity_appliance,,"ApBuyChoose, ApBuyPlanExe, ApBuyExe, ApRemPlanExe, ApRemExe, HouBuyChoose, HouBuyPlanExe, HouBuyExe, HouBldChoose, HouBldPlanExe, HouBldExe, HouIntRemPlanExe, HouIntRemExe, HouExtRemPlanExe, HouExtRemExe",,,,,2017-06-21 00:00:00.000108,2017-06-21 00:00:00.000108
110,PL020,צבע,11_build_gmar,צביעת הבית לפי פלטת צבעים וטכניקות מוגדרת על ידי אדריכל / מעצב פנים,0,,,,5,14,0,0,paint,,"HouBuyChoose, HouBuyPlanExe, HouBuyExe, HouBldChoose, HouBldPlanExe, HouBldExe, HouIntRemPlanExe, HouIntRemExe, HouExtRemPlanExe, HouExtRemExe",,,,,2017-06-21 00:00:00.000109,2017-06-21 00:00:00.000109
111,PL021,ריצוף וחיפוי קירות,11_build_gmar,ריצוף הבית לפי תכנית ריצוף,0,,,,4,21,0,0,main_constructor,,"HouBuyChoose, HouBuyPlanExe, HouBuyExe, HouBldChoose, HouBldPlanExe, HouBldExe, HouIntRemPlanExe, HouIntRemExe, HouExtRemPlanExe, HouExtRemExe",,,,,2017-06-21 00:00:00.000110,2017-06-21 00:00:00.000110
112,PL022,גמר חשמל,11_build_gmar,"סיום עבודות החשמל עד להתקנת כל נקודות החשמל, הגופים וארון החשמל בבית",0,,,,3,8,0,0,electricity,,"HouBuyChoose, HouBuyPlanExe, HouBuyExe, HouBldChoose, HouBldPlanExe, HouBldExe, HouIntRemPlanExe, HouIntRemExe, HouExtRemPlanExe, HouExtRemExe",,,,,2017-06-21 00:00:00.000111,2017-06-21 00:00:00.000111
113,PL023,גמר אינסטלציה,11_build_gmar,"התקנת כלים סניטריים, ברזים וכל אביזרי הניקוז האחרים בבית",0,,,,3,8,0,0,plumbing,,"HouBuyChoose, HouBuyPlanExe, HouBuyExe, HouBldChoose, HouBldPlanExe, HouBldExe, HouIntRemPlanExe, HouIntRemExe, HouExtRemPlanExe, HouExtRemExe",,,,,2017-06-21 00:00:00.000112,2017-06-21 00:00:00.000112
114,PL024,חלונות - לקיחת מידות בשטח,11_build_gmar,בהתאם לסוג החלונות שנבחר (אלומיניום/ /ברזל / עץ) יש להוציא מפרט חלונות ולבחור בעל מקצוע בהתאם למוניטין והמחיר,רצוי לבקש מהאדריכל מפרט חלונות לפי התכנית,,,,1,1,0,0,windows,,"HouBuyChoose, HouBuyPlanExe, HouBuyExe, HouBldChoose, HouBldPlanExe, HouBldExe, HouIntRemPlanExe, HouIntRemExe, HouExtRemPlanExe, HouExtRemExe",,,,,2017-06-21 00:00:00.000113,2017-06-21 00:00:00.000113
115,PL025,דלתות פנים- לקיחת מידות בשטח,11_build_gmar,"בהתאם לתכנית יש להכין מפרט דלתות, הכוללת את מספר הדלתות, גודל הפתחים, כיווני הפתיחה ועוד, לאחר שיש רשימה מסודרת ניתן לפנות לחברת דלתות, או נגר בניין, לבחור את עיצוב הדלת ולקבל הצעת מחיר",0,,,,1,1,0,0,doors,,"HouBuyChoose, HouBuyPlanExe, HouBuyExe, HouBldChoose, HouBldPlanExe, HouBldExe, HouIntRemPlanExe, HouIntRemExe, HouExtRemPlanExe, HouExtRemExe",,,,,2017-06-21 00:00:00.000114,2017-06-21 00:00:00.000114
116,PL026,סיפי חלונות ,11_build_gmar,קניית סיפים בהתאם למידות הפתחים בבית,0,,,,1,1,0,0,threshold,,"HouBuyChoose, HouBuyPlanExe, HouBuyExe, HouBldChoose, HouBldPlanExe, HouBldExe, HouIntRemPlanExe, HouIntRemExe, HouExtRemPlanExe, HouExtRemExe",,,,,2017-06-21 00:00:00.000115,2017-06-21 00:00:00.000115
117,PL027,התקנת סיפים,11_build_gmar,0,0,,,,1,3,0,0,threshold,,"HouBuyChoose, HouBuyPlanExe, HouBuyExe, HouBldChoose, HouBldPlanExe, HouBldExe, HouIntRemPlanExe, HouIntRemExe, HouExtRemPlanExe, HouExtRemExe",,,,,2017-06-21 00:00:00.000116,2017-06-21 00:00:00.000116
118,PL028,רובה,11_build_gmar,סגירת המרווחים בין האריחים ברובה (חומר מיוחד) בצבע לפי בחירתכם,0,,,,1,4,0,0,main_constructor,,"HouBuyChoose, HouBuyPlanExe, HouBuyExe, HouBldChoose, HouBldPlanExe, HouBldExe, HouIntRemPlanExe, HouIntRemExe, HouExtRemPlanExe, HouExtRemExe",,,,,2017-06-21 00:00:00.000117,2017-06-21 00:00:00.000117
119,PL029,מדרגות- לקיחת מידות בשטח,11_build_gmar,"הזמנת מדרגות לפי התכנון האדריכלי והחומר הנבחר, לקיחת מידות בשטח",0,,,,1,1,0,0,stairs,,"ApBuyChoose, ApBuyPlanExe, ApBuyExe, ApRemPlanExe, ApRemExe, HouBuyChoose, HouBuyPlanExe, HouBuyExe, HouBldChoose, HouBldPlanExe, HouBldExe, HouIntRemPlanExe, HouIntRemExe, HouExtRemPlanExe, HouExtRemExe",,,,,2017-06-21 00:00:00.000118,2017-06-21 00:00:00.000118
120,PL030,מעקה - לקיחת מידות בשטח,11_build_gmar,"בחירת סוג המעקה: עץ, זכוכית, ברזל, אלומיניום וכו׳ בחירת בעל מקצוע בהתאם, ולקיחת מידות בשטח",0,,,,1,1,0,0,railings,,"ApBuyChoose, ApBuyPlanExe, ApBuyExe, ApRemPlanExe, ApRemExe, HouBuyChoose, HouBuyPlanExe, HouBuyExe, HouBldChoose, HouBldPlanExe, HouBldExe, HouIntRemPlanExe, HouIntRemExe, HouExtRemPlanExe, HouExtRemExe",,,,,2017-06-21 00:00:00.000119,2017-06-21 00:00:00.000119
121,PL031,דלת כניסה- לקיחת מידות בשטח,11_build_gmar,0,0,,,,1,1,0,0,doors,,"HouBuyChoose, HouBuyPlanExe, HouBuyExe, HouBldChoose, HouBldPlanExe, HouBldExe, HouIntRemPlanExe, HouIntRemExe, HouExtRemPlanExe, HouExtRemExe",,,,,2017-06-21 00:00:00.000120,2017-06-21 00:00:00.000120
122,PL032,מטבח - לקיחת מידות בשטח,11_build_gmar,0,0,,,,1,1,0,0,kitchen_design,,"ApBuyChoose, ApBuyPlanExe, ApBuyExe, ApRemPlanExe, ApRemExe, HouBuyChoose, HouBuyPlanExe, HouBuyExe, HouBldChoose, HouBldPlanExe, HouBldExe, HouIntRemPlanExe, HouIntRemExe, HouExtRemPlanExe, HouExtRemExe",,,,,2017-06-21 00:00:00.000121,2017-06-21 00:00:00.000121
123,PL033,אישור מטבח,11_build_gmar,"בדיקת מפרט המטבח כפי שהוגדר במפרט ע״י החברה המשכנת, בחברות שהוגדרו, ושינוי והחלפה שלהם בהתאם להעדפות",0,,,,0,0,0,0,kitchen_design,,0,,,,,2017-06-21 00:00:00.000122,2017-06-21 00:00:00.000122
124,PL034,התקנת מדרגות,11_build_gmar,0,0,,,,1,3,0,0,stairs,,"ApBuyChoose, ApBuyPlanExe, ApBuyExe, ApRemPlanExe, ApRemExe, HouBuyChoose, HouBuyPlanExe, HouBuyExe, HouBldChoose, HouBldPlanExe, HouBldExe, HouIntRemPlanExe, HouIntRemExe, HouExtRemPlanExe, HouExtRemExe",,,,,2017-06-21 00:00:00.000123,2017-06-21 00:00:00.000123
125,PL035,התקנת מעקות,11_build_gmar,0,0,,,,1,5,0,0,railings,,"ApBuyChoose, ApBuyPlanExe, ApBuyExe, ApRemPlanExe, ApRemExe, HouBuyChoose, HouBuyPlanExe, HouBuyExe, HouBldChoose, HouBldPlanExe, HouBldExe, HouIntRemPlanExe, HouIntRemExe, HouExtRemPlanExe, HouExtRemExe",,,,,2017-06-21 00:00:00.000124,2017-06-21 00:00:00.000124
126,PL036,התקנת קמין,11_build_gmar,0,יש להכין תשתית נחושת להזרמת הנפט / גז לקמין,,,,1,3,0,0,heating,,"ApBuyChoose, ApBuyPlanExe, ApBuyExe, ApRemPlanExe, ApRemExe, HouBuyChoose, HouBuyPlanExe, HouBuyExe, HouBldChoose, HouBldPlanExe, HouBldExe, HouIntRemPlanExe, HouIntRemExe, HouExtRemPlanExe, HouExtRemExe",,,,,2017-06-21 00:00:00.000125,2017-06-21 00:00:00.000125
127,PL037,התקנת חימום תת רצפתי,11_build_gmar,"דרך מעולה לחמם את הבית, לא זולה אבל נעימה. ההתקנה תתבצע באמצעות החברה המספקת את המערכת, ודרוש תיאום מול החשמלאי והאינסטלטור (במידה והמערכת מבוססת מים)","יש לשים לב לטכנולוגיות השונות הקימות בשוק: חשמל, מים, קיטור",,,,2,8,0,0,heating,,"ApBuyChoose, ApBuyPlanExe, ApBuyExe, ApRemPlanExe, ApRemExe, HouBuyChoose, HouBuyPlanExe, HouBuyExe, HouBldChoose, HouBldPlanExe, HouBldExe, HouIntRemPlanExe, HouIntRemExe, HouExtRemPlanExe, HouExtRemExe",,,,,2017-06-21 00:00:00.000126,2017-06-21 00:00:00.000126
128,PL038,התקנת רדיאטורים,11_build_gmar,0,0,,,,2,8,0,0,heating,,"ApBuyChoose, ApBuyPlanExe, ApBuyExe, ApRemPlanExe, ApRemExe, HouBuyChoose, HouBuyPlanExe, HouBuyExe, HouBldChoose, HouBldPlanExe, HouBldExe, HouIntRemPlanExe, HouIntRemExe, HouExtRemPlanExe, HouExtRemExe",,,,,2017-06-21 00:00:00.000127,2017-06-21 00:00:00.000127
129,PL039,התקנת מערכת אזעקה,11_build_gmar,התקנת מערכת האזעקה ובדיקתה,0,,,,1,3,0,0,security,,"ApBuyChoose, ApBuyPlanExe, ApBuyExe, ApRemPlanExe, ApRemExe, HouBuyChoose, HouBuyPlanExe, HouBuyExe, HouBldChoose, HouBldPlanExe, HouBldExe, HouIntRemPlanExe, HouIntRemExe, HouExtRemPlanExe, HouExtRemExe",,,,,2017-06-21 00:00:00.000128,2017-06-21 00:00:00.000128
130,PL040,התקנת מזגנים,11_build_gmar,0,0,,,,1,5,0,0,ac,,"ApBuyChoose, ApBuyPlanExe, ApBuyExe, ApRemPlanExe, ApRemExe, HouBuyChoose, HouBuyPlanExe, HouBuyExe, HouBldChoose, HouBldPlanExe, HouBldExe, HouIntRemPlanExe, HouIntRemExe, HouExtRemPlanExe, HouExtRemExe",,,,,2017-06-21 00:00:00.000129,2017-06-21 00:00:00.000129
131,PL041,רהיטים - לקיחת מידות בשטח,11_build_gmar,0,0,,,,1,2,0,0,wardrobe,,"ApBuyChoose, ApBuyPlanExe, ApBuyExe, ApRemPlanExe, ApRemExe, HouBuyChoose, HouBuyPlanExe, HouBuyExe, HouBldChoose, HouBldPlanExe, HouBldExe, HouIntRemPlanExe, HouIntRemExe, HouExtRemPlanExe, HouExtRemExe",,,,,2017-06-21 00:00:00.000130,2017-06-21 00:00:00.000130
132,PL042,מרזבים,11_build_gmar,התקנת מרזבים בקצה גג.לאיסוף המים מהגג,"יש להקפיד במיוחד על הבידוד הגג, כולל סוג הבידוד והאיכות  ",,,,1,4,0,0,roofing,,"HouBuyChoose, HouBuyPlanExe, HouBuyExe, HouBldChoose, HouBldPlanExe, HouBldExe, HouIntRemPlanExe, HouIntRemExe, HouExtRemPlanExe, HouExtRemExe",,,,,2017-06-21 00:00:00.000131,2017-06-21 00:00:00.000131
133,PL043,התקנת מטבח,11_build_gmar,0,0,,,,1,3,0,0,kitchen_design,,"ApBuyChoose, ApBuyPlanExe, ApBuyExe, ApRemPlanExe, ApRemExe, HouBuyChoose, HouBuyPlanExe, HouBuyExe, HouBldChoose, HouBldPlanExe, HouBldExe, HouIntRemPlanExe, HouIntRemExe, HouExtRemPlanExe, HouExtRemExe",,,,,2017-06-21 00:00:00.000132,2017-06-21 00:00:00.000132
134,PL044,הזמנת משטחי שיש למטבח ואמבטיות,11_build_gmar,"בהתאם לעיצוב הבית, בחירת קבלן לביצוע משטחי השיש השונים בבית",0,,,,1,3,0,0,marble,,"ApBuyChoose, ApBuyPlanExe, ApBuyExe, ApRemPlanExe, ApRemExe, HouBuyChoose, HouBuyPlanExe, HouBuyExe, HouBldChoose, HouBldPlanExe, HouBldExe, HouIntRemPlanExe, HouIntRemExe, HouExtRemPlanExe, HouExtRemExe",,,,,2017-06-21 00:00:00.000133,2017-06-21 00:00:00.000133
135,PL045,הזמנת משטחי בוצ׳ר,11_build_gmar,"בהתאם לעיצוב הבית, בחירת קבלן לביצוע משטחי בוצר השונים בבית",0,,,,1,3,0,0,wardrobe,,"ApBuyChoose, ApBuyPlanExe, ApBuyExe, ApRemPlanExe, ApRemExe, HouBuyChoose, HouBuyPlanExe, HouBuyExe, HouBldChoose, HouBldPlanExe, HouBldExe, HouIntRemPlanExe, HouIntRemExe, HouExtRemPlanExe, HouExtRemExe",,,,,2017-06-21 00:00:00.000134,2017-06-21 00:00:00.000134
136,PL046,הזמנת דוד שמש,11_build_gmar,"הזמנת דוד לחימום מים, יש לתאם עם החשמלאי והאינסטלטור",0,,,,1,2,0,0,#N/A,,"HouBuyChoose, HouBuyPlanExe, HouBuyExe, HouBldChoose, HouBldPlanExe, HouBldExe, HouIntRemPlanExe, HouIntRemExe, HouExtRemPlanExe, HouExtRemExe",,,,,2017-06-21 00:00:00.000135,2017-06-21 00:00:00.000135
137,PL047,בניית גדר,11_build_gmar,"קיימים מספר סוגי גדרות בשוק: בטון, אלומיניום, ברזל עץ ועוד. לפי הבחירה שלכם, סיכום עם קבלן הגדר והקמת הגדר בשטח",0,,,,7,14,0,0,fences,,"HouBuyChoose, HouBuyPlanExe, HouBuyExe, HouBldChoose, HouBldPlanExe, HouBldExe, HouExtRemPlanExe, HouExtRemExe",,,,,2017-06-21 00:00:00.000136,2017-06-21 00:00:00.000136
138,PL048,הקמת שערים,11_build_gmar,"קיימים מספר סוגי שערים בשוק: אלומיניום, ברזל עץ ועוד. לפי הבחירה שלכם, סיכום עם קבלן והתקינו את השער.",0,,,,2,4,0,0,fences,,"HouBuyChoose, HouBuyPlanExe, HouBuyExe, HouBldChoose, HouBldPlanExe, HouBldExe, HouExtRemPlanExe, HouExtRemExe",,,,,2017-06-21 00:00:00.000137,2017-06-21 00:00:00.000137
139,FI035,תשתית השקייה,11_build_gmar,0,0,,,,2,5,0,0,gardening,,"HouBuyChoose, HouBuyPlanExe, HouBuyExe, HouBldChoose, HouBldPlanExe, HouBldExe, HouExtRemPlanExe, HouExtRemExe",,,,,2017-06-21 00:00:00.000138,2017-06-21 00:00:00.000138
140,FI036,הקמת גינה,11_build_gmar,0,0,,,,2,7,0,0,gardening,,"HouBuyChoose, HouBuyPlanExe, HouBuyExe, HouBldChoose, HouBldPlanExe, HouBldExe, HouExtRemPlanExe, HouExtRemExe",,,,,2017-06-21 00:00:00.000139,2017-06-21 00:00:00.000139
141,FI037,התקנת דקים,11_build_gmar,0,0,,,,2,7,0,0,decks,,"HouBuyChoose, HouBuyPlanExe, HouBuyExe, HouBldChoose, HouBldPlanExe, HouBldExe, HouExtRemPlanExe, HouExtRemExe",,,,,2017-06-21 00:00:00.000140,2017-06-21 00:00:00.000140
142,FI038,התקנת פרגולה,11_build_gmar,0,0,,,,2,7,0,0,canopies,,"HouBuyChoose, HouBuyPlanExe, HouBuyExe, HouBldChoose, HouBldPlanExe, HouBldExe, HouExtRemPlanExe, HouExtRemExe",,,,,2017-06-21 00:00:00.000141,2017-06-21 00:00:00.000141
143,FI039,בדיקת חשמל,11_build_gmar,בדיקת תקינות לכל נקודות החשמל בבית,יועץ שאינו הקבלן שלכם,,,,1,2,0,0,electricity,,"HouBuyChoose, HouBuyPlanExe, HouBuyExe, HouBldChoose, HouBldPlanExe, HouBldExe, HouIntRemPlanExe, HouIntRemExe, HouExtRemPlanExe, HouExtRemExe",,,,,2017-06-21 00:00:00.000142,2017-06-21 00:00:00.000142
144,FI040,בדיקת אינסטלציה,11_build_gmar,בדיקת תקינות לכל נקודות המים והניקוז בבית,יועץ שאינו הקבלן שלכם,,,,1,2,0,0,plumbing,,"HouBuyChoose, HouBuyPlanExe, HouBuyExe, HouBldChoose, HouBldPlanExe, HouBldExe, HouIntRemPlanExe, HouIntRemExe, HouExtRemPlanExe, HouExtRemExe",,,,,2017-06-21 00:00:00.000143,2017-06-21 00:00:00.000143
145,FI041,קבלת מפתח,11_build_gmar,קבלת הדירה לאחר השלמתה על ידי החברה המשכנת ובדיקתה ,0,,,,0,0,0,0,contruction_company,,0,,,,,2017-06-21 00:00:00.000144,2017-06-21 00:00:00.000144
146,FI042,השלמת העבודות,11_build_gmar,"לאחר מסירת הדירה, יכול הקבלן עימו סוכמו כל השינויים והתוספות שלא בוצעו על ידי החברה המשכנת להכנס לעבודה",0,,,,0,0,0,0,main_constructor,,0,,,,,2017-06-21 00:00:00.000145,2017-06-21 00:00:00.000145
147,EN001,טופס 4,20_completion,"הגיע הזמן להוציא טופס 4. טופס 4 הינו התחלת תהליך בדיקת המבנה לצורך חיבור לתשתיות. על הטופס צריכים לחתום בעל ההיתר והאחראי לביקורת. ניתן להגיש את הבקשה לאישור חיבור תשתיות גם אם לא הושלמו כל העבודות, בתנאי שלא נשקפת סכנה למשתמשים במבנה וניתן להשתמש בו למטרה שלשמה הוקם באופן ראוי. באם לא הושלמו העבודות, יפקיד בעל ההיתר ערבות בנקאית להשלמת העבודות, בסכום שיקבע היועץ המשפטי של הוועדה המקומית.
הדרישות לטופס 4 שונות מראשות לראשות. הדרישות לטופס 4 הם הדרישות שהוגדרו בעץ מתר היתר הבניה.

מהנדס הוועדה יאשר את טופס הבקשה, יצהיר כי בדק את המבנה והוא ראוי לשימוש, יפרט את העבודות שיש להשלים, אם יש כאלה, וכן יחתום על גבי טופס הבקשה.",0,,,,0,0,0,0,regulation,,"HouBldChoose, HouBldPlanExe, HouBldExe, HouExtRemPlanExe, HouExtRemExe",,{:|מדריך הוצאת טופס 4| => |http://bonim.pnim.gov.il/ToolsAndResources/information/guides/HozaaCP/Pages/FinishConstruction.aspx| },,,2017-06-21 00:00:00.000146,2017-06-21 00:00:00.000146
148,EN002,ממ״ד - בדיקות בטונים,20_completion,כל בדיקות הבטון שבוצעו על ידי חברת הבדיקות בזמן היציקה,0,,,,5,30,0,0,regulation,,"HouBldChoose, HouBldPlanExe, HouBldExe, HouExtRemPlanExe, HouExtRemExe",,,,,2017-06-21 00:00:00.000147,2017-06-21 00:00:00.000147
149,EN003,ממ״ד - מסנן,20_completion,אישור התקנה + מספר סריאלי,0,,,,5,30,0,0,regulation,,"HouBldChoose, HouBldPlanExe, HouBldExe, HouExtRemPlanExe, HouExtRemExe",,,,,2017-06-21 00:00:00.000148,2017-06-21 00:00:00.000148
150,EN004,ממ״ד - אישור איטום,20_completion,אישור לאחר בדיקת אטימות לממ״ד,0,,,,5,30,0,0,regulation,,"HouBldChoose, HouBldPlanExe, HouBldExe, HouExtRemPlanExe, HouExtRemExe",,,,,2017-06-21 00:00:00.000149,2017-06-21 00:00:00.000149
151,EN005,ממ״ד - תצהיר 20 א,20_completion,0,0,,,,5,30,0,0,regulation,,"HouBldChoose, HouBldPlanExe, HouBldExe, HouExtRemPlanExe, HouExtRemExe",,,,,2017-06-21 00:00:00.000150,2017-06-21 00:00:00.000150
152,EN006,ממ״ד - אישור פינוי פסולת,20_completion,אישורים על פינוי הפסולת לאתר מורשה,0,,,,5,30,0,0,regulation,,"HouBldChoose, HouBldPlanExe, HouBldExe, HouExtRemPlanExe, HouExtRemExe",,,,,2017-06-21 00:00:00.000151,2017-06-21 00:00:00.000151
153,EN007,ממ״ד - אישור מפקח מועצה,20_completion,0,0,,,,5,30,0,0,regulation,,"HouBldChoose, HouBldPlanExe, HouBldExe, HouExtRemPlanExe, HouExtRemExe",,,,,2017-06-21 00:00:00.000152,2017-06-21 00:00:00.000152
154,EN008,אישור אינסטלציה,20_completion,0,0,,,,5,30,0,0,regulation,,"HouBldChoose, HouBldPlanExe, HouBldExe, HouExtRemPlanExe, HouExtRemExe",,,,,2017-06-21 00:00:00.000153,2017-06-21 00:00:00.000153
155,EN009,דו״ח חיטוי מערכת מים,20_completion,אישור למשרד הבריאות על חיטוי מערכת המים,0,,,,5,30,0,0,regulation,,"HouBldChoose, HouBldPlanExe, HouBldExe, HouExtRemPlanExe, HouExtRemExe",,{:|משרד הבריאות - חיטוי מערכת מים| => |http://www.health.gov.il/Subjects/Environmental_Health/drinking_water/water_carriage/Pages/default.aspx| },,,2017-06-21 00:00:00.000154,2017-06-21 00:00:00.000154
156,EN010,אישור מערכת מים,20_completion,זימון מפקח מטעם תאגיד המים המקומי ואישור המערכת,0,,,,5,30,0,0,regulation,,"HouBldChoose, HouBldPlanExe, HouBldExe, HouExtRemPlanExe, HouExtRemExe",,,,,2017-06-21 00:00:00.000155,2017-06-21 00:00:00.000155
157,EN011,ממ״ד - מסנן,20_completion,אישור התקנה + מספר סריאלי,0,,,,5,30,0,0,regulation,,"HouBldChoose, HouBldPlanExe, HouBldExe, HouExtRemPlanExe, HouExtRemExe",,,,,2017-06-21 00:00:00.000156,2017-06-21 00:00:00.000156
158,EN012,ממ״ד - אישור איטום,20_completion,אישור לאחר בדיקת אטימות לממ״ד,0,,,,5,30,0,0,regulation,,"HouBldChoose, HouBldPlanExe, HouBldExe, HouExtRemPlanExe, HouExtRemExe",,,,,2017-06-21 00:00:00.000157,2017-06-21 00:00:00.000157
159,EN013,אישור פינוי פסולת,20_completion,אישורים על פינוי הפסולת לאתר מורשה,0,,,,5,30,0,0,regulation,,"HouBldChoose, HouBldPlanExe, HouBldExe, HouExtRemPlanExe, HouExtRemExe",,,,,2017-06-21 00:00:00.000158,2017-06-21 00:00:00.000158
160,EN014,אישור מפקח מועצה,20_completion,"בדיקה מטעם הועדה המקומית, שהבית נבנה לפי ההיתר. להלן הסעיפים עליהם תצטרכו לענות:מפת מדידה, ניקוז, חניה, תאורת בית, פיתוח שטח, מתקן אשפה, גדרות, מדרכה. הכל צריך להיות בדיוק לפי מה שאושר בהיתר",0,,,,5,30,0,0,regulation,,"HouBldChoose, HouBldPlanExe, HouBldExe, HouExtRemPlanExe, HouExtRemExe",,,,,2017-06-21 00:00:00.000159,2017-06-21 00:00:00.000159
161,EN015,העברת חשבון מים לפרטי,20_completion,"לאחר מתן אישור תאגיד המים, ניתן להעביר את חשבון צריכת המים לפרטי והוזלת העלויות בהתאם",0,,,,0,0,0,0,0,,0,,,,,2017-06-21 00:00:00.000160,2017-06-21 00:00:00.000160
162,EN016,אישור חברת חשמל,20_completion,"לאחר קבלת טופס 4, יש להזמין את חברת חשמל ע",0,,,,0,0,0,0,0,,0,,,,,2017-06-21 00:00:00.000161,2017-06-21 00:00:00.000161
163,EN017,נקיון,20_completion,הפרויקט הסתיים. ועכשיו הגיע הזמן להזמין חברת ניקיון כדי שהבית יהיה נקי ומוכן למגורים. ,0,,,,2,5,0,0,cleaning,,"ApBuyChoose, ApBuyPlanExe, ApBuyExe, ApRemPlanExe, ApRemExe, HouBuyChoose, HouBuyPlanExe, HouBuyExe, HouBldChoose, HouBldPlanExe, HouBldExe, HouIntRemPlanExe, HouIntRemExe, HouExtRemPlanExe, HouExtRemExe",,,,,2017-06-21 00:00:00.000162,2017-06-21 00:00:00.000162
164,EN018,הובלה,20_completion,זהו! עוברים! ,0,,,,1,2,0,0,moving,,"ApBuyChoose, ApBuyPlanExe, ApBuyExe, HouBuyChoose, HouBuyPlanExe, HouBuyExe, HouBldChoose, HouBldPlanExe, HouBldExe",,,,,2017-06-21 00:00:00.000163,2017-06-21 00:00:00.000163
165,EN019,תעודת גמר,20_completion,"תוך שנה ממתן אישור להספקת חשמל, מים וטלפון (טופס 4), יש להגיש בקשה לתעודת גמר לבניין. מהנדס הוועדה יבדוק אם העבודה נעשתה והושלמה בהתאם להיתר, האם קוימו הוראות תקנות התכנון והבנייה (בקשה להיתר, תנאיו ואגרות), האם פסולת הבניין פונתה מהמגרש לאתר פסולת מורשה. בנוסף, ימסור מתכנן שלד הבניין הודעה בכתב למהנדס הוועדה שקיימת תכנית קונסטרוקציה מעודכנת ושהיא נמצאת בידיו, במקום שיפרט בהודעה. לאחר שתנאים אלה יתקיימו, ימסור מהנדס הוועדה לבעל ההיתר תעודת גמר לבניין חתומה.",0,,,,0,0,0,0,regulation,,"HouBldChoose, HouBldPlanExe, HouBldExe, HouExtRemPlanExe, HouExtRemExe",,,,,2017-06-21 00:00:00.000164,2017-06-21 00:00:00.000164
166,BD001,שנת  בדק,21_bedek,"ריכוז כל הנושאים הדורשים תיקון בהתאם לתקופת בדק הבית כפי שמוגדרת בחוזה, ותיקון שלהם על ידי הקבלן או הקבלנים השונים",0,,,,0,0,0,0,main_constructor,,"ApBuyChoose, ApBuyPlanExe, ApBuyExe, ApRemPlanExe, ApRemExe, HouBuyChoose, HouBuyPlanExe, HouBuyExe, HouBldChoose, HouBldPlanExe, HouBldExe, HouIntRemPlanExe, HouIntRemExe, HouExtRemPlanExe, HouExtRemExe",,,,,2017-06-21 00:00:00.000165,2017-06-21 00:00:00.000165